,SU,category_id,category_name,instance_id,manufacturer_id,manufacturer_name,product_code,product_name,supercategory_id,supercategory_name,type
0,unseen,412.0,飲料 ﾊﾟｯｸ,0,1059.0,カゴメ株式会社,4901306047262.0,ｶｺﾞﾒ 野菜生活ﾏﾝｺﾞｰｻﾗﾀﾞ 200BP,1.0,飲料,anchor
1,unseen,412.0,飲料 ﾊﾟｯｸ,1,1059.0,カゴメ株式会社,4901306047262.0,ｶｺﾞﾒ 野菜生活ﾏﾝｺﾞｰｻﾗﾀﾞ 200BP,1.0,飲料,anchor
2,unseen,412.0,飲料 ﾊﾟｯｸ,2,1059.0,カゴメ株式会社,4901306047262.0,ｶｺﾞﾒ 野菜生活ﾏﾝｺﾞｰｻﾗﾀﾞ 200BP,1.0,飲料,anchor
3,unseen,412.0,飲料 ﾊﾟｯｸ,3,1059.0,カゴメ株式会社,4901306047262.0,ｶｺﾞﾒ 野菜生活ﾏﾝｺﾞｰｻﾗﾀﾞ 200BP,1.0,飲料,anchor
4,unseen,412.0,飲料 ﾊﾟｯｸ,4,1059.0,カゴメ株式会社,4901306047262.0,ｶｺﾞﾒ 野菜生活ﾏﾝｺﾞｰｻﾗﾀﾞ 200BP,1.0,飲料,anchor
5,unseen,411.0,飲料 ｶﾝﾍﾟｯﾄ,5,1108.0,富永貿易,4936790512804.0,富永 ｻﾊﾞｲﾊﾞｰｴﾅｼﾞｰ 250CN,1.0,飲料,query
6,unseen,411.0,飲料 ｶﾝﾍﾟｯﾄ,6,1108.0,富永貿易,4936790512804.0,富永 ｻﾊﾞｲﾊﾞｰｴﾅｼﾞｰ 250CN,1.0,飲料,query
7,unseen,411.0,飲料 ｶﾝﾍﾟｯﾄ,7,1108.0,富永貿易,4936790512804.0,富永 ｻﾊﾞｲﾊﾞｰｴﾅｼﾞｰ 250CN,1.0,飲料,query
8,unseen,411.0,飲料 ｶﾝﾍﾟｯﾄ,8,1108.0,富永貿易,4936790512804.0,富永 ｻﾊﾞｲﾊﾞｰｴﾅｼﾞｰ 250CN,1.0,飲料,anchor
9,unseen,411.0,飲料 ｶﾝﾍﾟｯﾄ,9,1108.0,富永貿易,4936790512804.0,富永 ｻﾊﾞｲﾊﾞｰｴﾅｼﾞｰ 250CN,1.0,飲料,query
10,unseen,411.0,飲料 ｶﾝﾍﾟｯﾄ,10,1108.0,富永貿易,4936790512804.0,富永 ｻﾊﾞｲﾊﾞｰｴﾅｼﾞｰ 250CN,1.0,飲料,anchor
11,unseen,411.0,飲料 ｶﾝﾍﾟｯﾄ,11,1108.0,富永貿易,4936790512804.0,富永 ｻﾊﾞｲﾊﾞｰｴﾅｼﾞｰ 250CN,1.0,飲料,query
12,unseen,411.0,飲料 ｶﾝﾍﾟｯﾄ,12,1108.0,富永貿易,4936790512804.0,富永 ｻﾊﾞｲﾊﾞｰｴﾅｼﾞｰ 250CN,1.0,飲料,anchor
13,unseen,411.0,飲料 ｶﾝﾍﾟｯﾄ,13,1108.0,富永貿易,4936790512804.0,富永 ｻﾊﾞｲﾊﾞｰｴﾅｼﾞｰ 250CN,1.0,飲料,anchor
14,unseen,411.0,飲料 ｶﾝﾍﾟｯﾄ,14,1108.0,富永貿易,4936790512804.0,富永 ｻﾊﾞｲﾊﾞｰｴﾅｼﾞｰ 250CN,1.0,飲料,query
15,unseen,411.0,飲料 ｶﾝﾍﾟｯﾄ,15,1108.0,富永貿易,4936790512804.0,富永 ｻﾊﾞｲﾊﾞｰｴﾅｼﾞｰ 250CN,1.0,飲料,anchor
16,unseen,411.0,飲料 ｶﾝﾍﾟｯﾄ,16,1108.0,富永貿易,4936790512804.0,富永 ｻﾊﾞｲﾊﾞｰｴﾅｼﾞｰ 250CN,1.0,飲料,anchor
17,unseen,411.0,飲料 ｶﾝﾍﾟｯﾄ,17,1108.0,富永貿易,4936790512804.0,富永 ｻﾊﾞｲﾊﾞｰｴﾅｼﾞｰ 250CN,1.0,飲料,query
18,unseen,411.0,飲料 ｶﾝﾍﾟｯﾄ,18,1108.0,富永貿易,4936790512804.0,富永 ｻﾊﾞｲﾊﾞｰｴﾅｼﾞｰ 250CN,1.0,飲料,anchor
19,unseen,411.0,飲料 ｶﾝﾍﾟｯﾄ,19,1108.0,富永貿易,4936790512804.0,富永 ｻﾊﾞｲﾊﾞｰｴﾅｼﾞｰ 250CN,1.0,飲料,query
20,seen,152.0,機能性食品 冷蔵,20,1063.0,株式会社 ブルボン,4901360331017.0,ﾌﾞﾙﾎﾞﾝ 濃厚ﾁｮｺﾌﾞﾗｳﾆｰﾘｯﾁﾐﾙｸ1PK,3.0,菓子,query
21,seen,152.0,機能性食品 冷蔵,21,1063.0,株式会社 ブルボン,4901360331017.0,ﾌﾞﾙﾎﾞﾝ 濃厚ﾁｮｺﾌﾞﾗｳﾆｰﾘｯﾁﾐﾙｸ1PK,3.0,菓子,anchor
22,seen,152.0,機能性食品 冷蔵,22,1063.0,株式会社 ブルボン,4901360331017.0,ﾌﾞﾙﾎﾞﾝ 濃厚ﾁｮｺﾌﾞﾗｳﾆｰﾘｯﾁﾐﾙｸ1PK,3.0,菓子,query
23,seen,152.0,機能性食品 冷蔵,23,1063.0,株式会社 ブルボン,4901360331017.0,ﾌﾞﾙﾎﾞﾝ 濃厚ﾁｮｺﾌﾞﾗｳﾆｰﾘｯﾁﾐﾙｸ1PK,3.0,菓子,query
24,seen,152.0,機能性食品 冷蔵,24,1063.0,株式会社 ブルボン,4901360331017.0,ﾌﾞﾙﾎﾞﾝ 濃厚ﾁｮｺﾌﾞﾗｳﾆｰﾘｯﾁﾐﾙｸ1PK,3.0,菓子,query
25,seen,123.0,ﾁｮｺﾚｰﾄ ﾊﾞﾗ 冷蔵,25,1017.0,株式会社 ロッテ,4903333055746.0,ﾛｯﾃ ｶｽﾀｰﾄﾞｹｰｷ 9P 1個,3.0,菓子,anchor
26,seen,123.0,ﾁｮｺﾚｰﾄ ﾊﾞﾗ 冷蔵,26,1017.0,株式会社 ロッテ,4903333055746.0,ﾛｯﾃ ｶｽﾀｰﾄﾞｹｰｷ 9P 1個,3.0,菓子,anchor
27,seen,123.0,ﾁｮｺﾚｰﾄ ﾊﾞﾗ 冷蔵,27,1017.0,株式会社 ロッテ,4903333055746.0,ﾛｯﾃ ｶｽﾀｰﾄﾞｹｰｷ 9P 1個,3.0,菓子,query
28,seen,123.0,ﾁｮｺﾚｰﾄ ﾊﾞﾗ 冷蔵,28,1017.0,株式会社 ロッテ,4903333055746.0,ﾛｯﾃ ｶｽﾀｰﾄﾞｹｰｷ 9P 1個,3.0,菓子,anchor
29,seen,123.0,ﾁｮｺﾚｰﾄ ﾊﾞﾗ 冷蔵,29,1017.0,株式会社 ロッテ,4903333055746.0,ﾛｯﾃ ｶｽﾀｰﾄﾞｹｰｷ 9P 1個,3.0,菓子,anchor
30,seen,122.0,ﾁｮｺﾚｰﾄ 箱・袋 冷蔵,30,1063.0,株式会社 ブルボン,49227444.0,ﾌﾞﾙﾎﾞﾝ ﾋﾞｯﾄﾁｮｺﾚｰﾄ ｲﾁｺﾞ 1PK,3.0,菓子,anchor
31,seen,122.0,ﾁｮｺﾚｰﾄ 箱・袋 冷蔵,31,1063.0,株式会社 ブルボン,49227444.0,ﾌﾞﾙﾎﾞﾝ ﾋﾞｯﾄﾁｮｺﾚｰﾄ ｲﾁｺﾞ 1PK,3.0,菓子,query
32,seen,122.0,ﾁｮｺﾚｰﾄ 箱・袋 冷蔵,32,1063.0,株式会社 ブルボン,49227444.0,ﾌﾞﾙﾎﾞﾝ ﾋﾞｯﾄﾁｮｺﾚｰﾄ ｲﾁｺﾞ 1PK,3.0,菓子,anchor
33,seen,122.0,ﾁｮｺﾚｰﾄ 箱・袋 冷蔵,33,1063.0,株式会社 ブルボン,49227444.0,ﾌﾞﾙﾎﾞﾝ ﾋﾞｯﾄﾁｮｺﾚｰﾄ ｲﾁｺﾞ 1PK,3.0,菓子,query
34,seen,122.0,ﾁｮｺﾚｰﾄ 箱・袋 冷蔵,34,1063.0,株式会社 ブルボン,49227444.0,ﾌﾞﾙﾎﾞﾝ ﾋﾞｯﾄﾁｮｺﾚｰﾄ ｲﾁｺﾞ 1PK,3.0,菓子,query
35,seen,411.0,飲料 ｶﾝﾍﾟｯﾄ,35,1079.0,アサヒ飲料株式会社,4514603347814.0,ASI 三ツ矢ｻｲﾀﾞｰ 400PET,1.0,飲料,anchor
36,seen,411.0,飲料 ｶﾝﾍﾟｯﾄ,36,1079.0,アサヒ飲料株式会社,4514603347814.0,ASI 三ツ矢ｻｲﾀﾞｰ 400PET,1.0,飲料,anchor
37,seen,411.0,飲料 ｶﾝﾍﾟｯﾄ,37,1079.0,アサヒ飲料株式会社,4514603347814.0,ASI 三ツ矢ｻｲﾀﾞｰ 400PET,1.0,飲料,anchor
38,seen,411.0,飲料 ｶﾝﾍﾟｯﾄ,38,1079.0,アサヒ飲料株式会社,4514603347814.0,ASI 三ツ矢ｻｲﾀﾞｰ 400PET,1.0,飲料,anchor
39,seen,411.0,飲料 ｶﾝﾍﾟｯﾄ,39,1079.0,アサヒ飲料株式会社,4514603347814.0,ASI 三ツ矢ｻｲﾀﾞｰ 400PET,1.0,飲料,query
40,seen,411.0,飲料 ｶﾝﾍﾟｯﾄ,40,1079.0,アサヒ飲料株式会社,4514603347814.0,ASI 三ツ矢ｻｲﾀﾞｰ 400PET,1.0,飲料,anchor
41,seen,411.0,飲料 ｶﾝﾍﾟｯﾄ,41,1079.0,アサヒ飲料株式会社,4514603347814.0,ASI 三ツ矢ｻｲﾀﾞｰ 400PET,1.0,飲料,anchor
42,seen,411.0,飲料 ｶﾝﾍﾟｯﾄ,42,1079.0,アサヒ飲料株式会社,4514603347814.0,ASI 三ツ矢ｻｲﾀﾞｰ 400PET,1.0,飲料,query
43,seen,411.0,飲料 ｶﾝﾍﾟｯﾄ,43,1079.0,アサヒ飲料株式会社,4514603347814.0,ASI 三ツ矢ｻｲﾀﾞｰ 400PET,1.0,飲料,anchor
44,seen,411.0,飲料 ｶﾝﾍﾟｯﾄ,44,1079.0,アサヒ飲料株式会社,4514603347814.0,ASI 三ツ矢ｻｲﾀﾞｰ 400PET,1.0,飲料,anchor
45,seen,411.0,飲料 ｶﾝﾍﾟｯﾄ,45,1079.0,アサヒ飲料株式会社,4514603347814.0,ASI 三ツ矢ｻｲﾀﾞｰ 400PET,1.0,飲料,anchor
46,seen,411.0,飲料 ｶﾝﾍﾟｯﾄ,46,1079.0,アサヒ飲料株式会社,4514603347814.0,ASI 三ツ矢ｻｲﾀﾞｰ 400PET,1.0,飲料,anchor
47,seen,411.0,飲料 ｶﾝﾍﾟｯﾄ,47,1079.0,アサヒ飲料株式会社,4514603347814.0,ASI 三ツ矢ｻｲﾀﾞｰ 400PET,1.0,飲料,anchor
48,seen,411.0,飲料 ｶﾝﾍﾟｯﾄ,48,1079.0,アサヒ飲料株式会社,4514603347814.0,ASI 三ツ矢ｻｲﾀﾞｰ 400PET,1.0,飲料,anchor
49,seen,411.0,飲料 ｶﾝﾍﾟｯﾄ,49,1079.0,アサヒ飲料株式会社,4514603347814.0,ASI 三ツ矢ｻｲﾀﾞｰ 400PET,1.0,飲料,anchor
50,seen,411.0,飲料 ｶﾝﾍﾟｯﾄ,50,1079.0,アサヒ飲料株式会社,4514603347814.0,ASI 三ツ矢ｻｲﾀﾞｰ 400PET,1.0,飲料,anchor
51,seen,412.0,飲料 ﾊﾟｯｸ,51,1059.0,カゴメ株式会社,4901306074794.0,ｶｺﾞﾒ 野菜生活100 ｱｰﾓﾝﾄﾞﾐﾙｸ&いちごﾏｷﾍﾞﾘｰmix 330BP,1.0,飲料,query
52,seen,412.0,飲料 ﾊﾟｯｸ,52,1059.0,カゴメ株式会社,4901306074794.0,ｶｺﾞﾒ 野菜生活100 ｱｰﾓﾝﾄﾞﾐﾙｸ&いちごﾏｷﾍﾞﾘｰmix 330BP,1.0,飲料,anchor
53,seen,412.0,飲料 ﾊﾟｯｸ,53,1059.0,カゴメ株式会社,4901306074794.0,ｶｺﾞﾒ 野菜生活100 ｱｰﾓﾝﾄﾞﾐﾙｸ&いちごﾏｷﾍﾞﾘｰmix 330BP,1.0,飲料,query
54,seen,412.0,飲料 ﾊﾟｯｸ,54,1059.0,カゴメ株式会社,4901306074794.0,ｶｺﾞﾒ 野菜生活100 ｱｰﾓﾝﾄﾞﾐﾙｸ&いちごﾏｷﾍﾞﾘｰmix 330BP,1.0,飲料,anchor
55,seen,412.0,飲料 ﾊﾟｯｸ,55,1059.0,カゴメ株式会社,4901306074794.0,ｶｺﾞﾒ 野菜生活100 ｱｰﾓﾝﾄﾞﾐﾙｸ&いちごﾏｷﾍﾞﾘｰmix 330BP,1.0,飲料,anchor
56,seen,414.0,飲料 ﾄﾞﾘﾝｸ･ﾊﾟｳﾁ,56,1111.0,ﾚｯﾄﾞﾌﾞﾙｼﾞｬﾊﾟﾝ,4560292290078.0,RBJ ﾚｯﾄﾞﾌﾞﾙｴﾅｼﾞｰﾄﾞﾘﾝｸ 185CN,5.0,栄養保健,anchor
57,seen,414.0,飲料 ﾄﾞﾘﾝｸ･ﾊﾟｳﾁ,57,1111.0,ﾚｯﾄﾞﾌﾞﾙｼﾞｬﾊﾟﾝ,4560292290078.0,RBJ ﾚｯﾄﾞﾌﾞﾙｴﾅｼﾞｰﾄﾞﾘﾝｸ 185CN,5.0,栄養保健,anchor
58,seen,414.0,飲料 ﾄﾞﾘﾝｸ･ﾊﾟｳﾁ,58,1111.0,ﾚｯﾄﾞﾌﾞﾙｼﾞｬﾊﾟﾝ,4560292290078.0,RBJ ﾚｯﾄﾞﾌﾞﾙｴﾅｼﾞｰﾄﾞﾘﾝｸ 185CN,5.0,栄養保健,anchor
59,seen,414.0,飲料 ﾄﾞﾘﾝｸ･ﾊﾟｳﾁ,59,1111.0,ﾚｯﾄﾞﾌﾞﾙｼﾞｬﾊﾟﾝ,4560292290078.0,RBJ ﾚｯﾄﾞﾌﾞﾙｴﾅｼﾞｰﾄﾞﾘﾝｸ 185CN,5.0,栄養保健,query
60,seen,414.0,飲料 ﾄﾞﾘﾝｸ･ﾊﾟｳﾁ,60,1111.0,ﾚｯﾄﾞﾌﾞﾙｼﾞｬﾊﾟﾝ,4560292290078.0,RBJ ﾚｯﾄﾞﾌﾞﾙｴﾅｼﾞｰﾄﾞﾘﾝｸ 185CN,5.0,栄養保健,anchor
61,seen,414.0,飲料 ﾄﾞﾘﾝｸ･ﾊﾟｳﾁ,61,1111.0,ﾚｯﾄﾞﾌﾞﾙｼﾞｬﾊﾟﾝ,4560292290078.0,RBJ ﾚｯﾄﾞﾌﾞﾙｴﾅｼﾞｰﾄﾞﾘﾝｸ 185CN,5.0,栄養保健,anchor
62,seen,414.0,飲料 ﾄﾞﾘﾝｸ･ﾊﾟｳﾁ,62,1111.0,ﾚｯﾄﾞﾌﾞﾙｼﾞｬﾊﾟﾝ,4560292290078.0,RBJ ﾚｯﾄﾞﾌﾞﾙｴﾅｼﾞｰﾄﾞﾘﾝｸ 185CN,5.0,栄養保健,anchor
63,seen,414.0,飲料 ﾄﾞﾘﾝｸ･ﾊﾟｳﾁ,63,1111.0,ﾚｯﾄﾞﾌﾞﾙｼﾞｬﾊﾟﾝ,4560292290078.0,RBJ ﾚｯﾄﾞﾌﾞﾙｴﾅｼﾞｰﾄﾞﾘﾝｸ 185CN,5.0,栄養保健,query
64,seen,414.0,飲料 ﾄﾞﾘﾝｸ･ﾊﾟｳﾁ,64,1111.0,ﾚｯﾄﾞﾌﾞﾙｼﾞｬﾊﾟﾝ,4560292290078.0,RBJ ﾚｯﾄﾞﾌﾞﾙｴﾅｼﾞｰﾄﾞﾘﾝｸ 185CN,5.0,栄養保健,anchor
65,seen,414.0,飲料 ﾄﾞﾘﾝｸ･ﾊﾟｳﾁ,65,1111.0,ﾚｯﾄﾞﾌﾞﾙｼﾞｬﾊﾟﾝ,4560292290078.0,RBJ ﾚｯﾄﾞﾌﾞﾙｴﾅｼﾞｰﾄﾞﾘﾝｸ 185CN,5.0,栄養保健,query
66,seen,414.0,飲料 ﾄﾞﾘﾝｸ･ﾊﾟｳﾁ,66,1111.0,ﾚｯﾄﾞﾌﾞﾙｼﾞｬﾊﾟﾝ,4560292290078.0,RBJ ﾚｯﾄﾞﾌﾞﾙｴﾅｼﾞｰﾄﾞﾘﾝｸ 185CN,5.0,栄養保健,query
67,seen,414.0,飲料 ﾄﾞﾘﾝｸ･ﾊﾟｳﾁ,67,1111.0,ﾚｯﾄﾞﾌﾞﾙｼﾞｬﾊﾟﾝ,4560292290078.0,RBJ ﾚｯﾄﾞﾌﾞﾙｴﾅｼﾞｰﾄﾞﾘﾝｸ 185CN,5.0,栄養保健,anchor
68,seen,414.0,飲料 ﾄﾞﾘﾝｸ･ﾊﾟｳﾁ,68,1111.0,ﾚｯﾄﾞﾌﾞﾙｼﾞｬﾊﾟﾝ,4560292290078.0,RBJ ﾚｯﾄﾞﾌﾞﾙｴﾅｼﾞｰﾄﾞﾘﾝｸ 185CN,5.0,栄養保健,query
69,seen,414.0,飲料 ﾄﾞﾘﾝｸ･ﾊﾟｳﾁ,69,1111.0,ﾚｯﾄﾞﾌﾞﾙｼﾞｬﾊﾟﾝ,4560292290078.0,RBJ ﾚｯﾄﾞﾌﾞﾙｴﾅｼﾞｰﾄﾞﾘﾝｸ 185CN,5.0,栄養保健,query
70,seen,414.0,飲料 ﾄﾞﾘﾝｸ･ﾊﾟｳﾁ,70,1111.0,ﾚｯﾄﾞﾌﾞﾙｼﾞｬﾊﾟﾝ,4560292290078.0,RBJ ﾚｯﾄﾞﾌﾞﾙｴﾅｼﾞｰﾄﾞﾘﾝｸ 185CN,5.0,栄養保健,anchor
71,seen,411.0,飲料 ｶﾝﾍﾟｯﾄ,71,1062.0,ポッカサッポロフード＆ビバレッジ株式会社,4582409185602.0,ﾎﾟｯｶｻｯﾎﾟﾛ ｷﾚｰﾄﾚﾓﾝ cｳｵｰﾀｰ 500ml,1.0,飲料,query
72,seen,411.0,飲料 ｶﾝﾍﾟｯﾄ,72,1062.0,ポッカサッポロフード＆ビバレッジ株式会社,4582409185602.0,ﾎﾟｯｶｻｯﾎﾟﾛ ｷﾚｰﾄﾚﾓﾝ cｳｵｰﾀｰ 500ml,1.0,飲料,anchor
73,seen,411.0,飲料 ｶﾝﾍﾟｯﾄ,73,1062.0,ポッカサッポロフード＆ビバレッジ株式会社,4582409185602.0,ﾎﾟｯｶｻｯﾎﾟﾛ ｷﾚｰﾄﾚﾓﾝ cｳｵｰﾀｰ 500ml,1.0,飲料,anchor
74,seen,411.0,飲料 ｶﾝﾍﾟｯﾄ,74,1062.0,ポッカサッポロフード＆ビバレッジ株式会社,4582409185602.0,ﾎﾟｯｶｻｯﾎﾟﾛ ｷﾚｰﾄﾚﾓﾝ cｳｵｰﾀｰ 500ml,1.0,飲料,query
75,seen,411.0,飲料 ｶﾝﾍﾟｯﾄ,75,1062.0,ポッカサッポロフード＆ビバレッジ株式会社,4582409185602.0,ﾎﾟｯｶｻｯﾎﾟﾛ ｷﾚｰﾄﾚﾓﾝ cｳｵｰﾀｰ 500ml,1.0,飲料,anchor
76,seen,411.0,飲料 ｶﾝﾍﾟｯﾄ,76,1062.0,ポッカサッポロフード＆ビバレッジ株式会社,4582409185602.0,ﾎﾟｯｶｻｯﾎﾟﾛ ｷﾚｰﾄﾚﾓﾝ cｳｵｰﾀｰ 500ml,1.0,飲料,anchor
77,seen,411.0,飲料 ｶﾝﾍﾟｯﾄ,77,1062.0,ポッカサッポロフード＆ビバレッジ株式会社,4582409185602.0,ﾎﾟｯｶｻｯﾎﾟﾛ ｷﾚｰﾄﾚﾓﾝ cｳｵｰﾀｰ 500ml,1.0,飲料,anchor
78,seen,411.0,飲料 ｶﾝﾍﾟｯﾄ,78,1062.0,ポッカサッポロフード＆ビバレッジ株式会社,4582409185602.0,ﾎﾟｯｶｻｯﾎﾟﾛ ｷﾚｰﾄﾚﾓﾝ cｳｵｰﾀｰ 500ml,1.0,飲料,query
79,seen,411.0,飲料 ｶﾝﾍﾟｯﾄ,79,1062.0,ポッカサッポロフード＆ビバレッジ株式会社,4582409185602.0,ﾎﾟｯｶｻｯﾎﾟﾛ ｷﾚｰﾄﾚﾓﾝ cｳｵｰﾀｰ 500ml,1.0,飲料,anchor
80,seen,411.0,飲料 ｶﾝﾍﾟｯﾄ,80,1062.0,ポッカサッポロフード＆ビバレッジ株式会社,4582409185602.0,ﾎﾟｯｶｻｯﾎﾟﾛ ｷﾚｰﾄﾚﾓﾝ cｳｵｰﾀｰ 500ml,1.0,飲料,anchor
81,seen,411.0,飲料 ｶﾝﾍﾟｯﾄ,81,1062.0,ポッカサッポロフード＆ビバレッジ株式会社,4582409185602.0,ﾎﾟｯｶｻｯﾎﾟﾛ ｷﾚｰﾄﾚﾓﾝ cｳｵｰﾀｰ 500ml,1.0,飲料,anchor
82,seen,411.0,飲料 ｶﾝﾍﾟｯﾄ,82,1062.0,ポッカサッポロフード＆ビバレッジ株式会社,4582409185602.0,ﾎﾟｯｶｻｯﾎﾟﾛ ｷﾚｰﾄﾚﾓﾝ cｳｵｰﾀｰ 500ml,1.0,飲料,anchor
83,seen,411.0,飲料 ｶﾝﾍﾟｯﾄ,83,1062.0,ポッカサッポロフード＆ビバレッジ株式会社,4582409185602.0,ﾎﾟｯｶｻｯﾎﾟﾛ ｷﾚｰﾄﾚﾓﾝ cｳｵｰﾀｰ 500ml,1.0,飲料,anchor
84,seen,411.0,飲料 ｶﾝﾍﾟｯﾄ,84,1062.0,ポッカサッポロフード＆ビバレッジ株式会社,4582409185602.0,ﾎﾟｯｶｻｯﾎﾟﾛ ｷﾚｰﾄﾚﾓﾝ cｳｵｰﾀｰ 500ml,1.0,飲料,anchor
85,seen,411.0,飲料 ｶﾝﾍﾟｯﾄ,85,1062.0,ポッカサッポロフード＆ビバレッジ株式会社,4582409185602.0,ﾎﾟｯｶｻｯﾎﾟﾛ ｷﾚｰﾄﾚﾓﾝ cｳｵｰﾀｰ 500ml,1.0,飲料,anchor
86,seen,411.0,飲料 ｶﾝﾍﾟｯﾄ,86,1062.0,ポッカサッポロフード＆ビバレッジ株式会社,4582409185602.0,ﾎﾟｯｶｻｯﾎﾟﾛ ｷﾚｰﾄﾚﾓﾝ cｳｵｰﾀｰ 500ml,1.0,飲料,anchor
87,seen,411.0,飲料 ｶﾝﾍﾟｯﾄ,87,1032.0,ＵＣＣ上島珈琲株式会社,4901201126437.0,UCC ﾋﾞｰﾝｽﾞ ｱﾝﾄﾞ ﾛｰｽﾀｰｽﾞ ｶﾌｪﾗｯﾃ 260BC,1.0,飲料,anchor
88,seen,411.0,飲料 ｶﾝﾍﾟｯﾄ,88,1032.0,ＵＣＣ上島珈琲株式会社,4901201126437.0,UCC ﾋﾞｰﾝｽﾞ ｱﾝﾄﾞ ﾛｰｽﾀｰｽﾞ ｶﾌｪﾗｯﾃ 260BC,1.0,飲料,anchor
89,seen,411.0,飲料 ｶﾝﾍﾟｯﾄ,89,1032.0,ＵＣＣ上島珈琲株式会社,4901201126437.0,UCC ﾋﾞｰﾝｽﾞ ｱﾝﾄﾞ ﾛｰｽﾀｰｽﾞ ｶﾌｪﾗｯﾃ 260BC,1.0,飲料,anchor
90,seen,411.0,飲料 ｶﾝﾍﾟｯﾄ,90,1032.0,ＵＣＣ上島珈琲株式会社,4901201126437.0,UCC ﾋﾞｰﾝｽﾞ ｱﾝﾄﾞ ﾛｰｽﾀｰｽﾞ ｶﾌｪﾗｯﾃ 260BC,1.0,飲料,query
91,seen,411.0,飲料 ｶﾝﾍﾟｯﾄ,91,1032.0,ＵＣＣ上島珈琲株式会社,4901201126437.0,UCC ﾋﾞｰﾝｽﾞ ｱﾝﾄﾞ ﾛｰｽﾀｰｽﾞ ｶﾌｪﾗｯﾃ 260BC,1.0,飲料,query
92,seen,411.0,飲料 ｶﾝﾍﾟｯﾄ,92,1032.0,ＵＣＣ上島珈琲株式会社,4901201126437.0,UCC ﾋﾞｰﾝｽﾞ ｱﾝﾄﾞ ﾛｰｽﾀｰｽﾞ ｶﾌｪﾗｯﾃ 260BC,1.0,飲料,anchor
93,seen,411.0,飲料 ｶﾝﾍﾟｯﾄ,93,1032.0,ＵＣＣ上島珈琲株式会社,4901201126437.0,UCC ﾋﾞｰﾝｽﾞ ｱﾝﾄﾞ ﾛｰｽﾀｰｽﾞ ｶﾌｪﾗｯﾃ 260BC,1.0,飲料,anchor
94,seen,411.0,飲料 ｶﾝﾍﾟｯﾄ,94,1032.0,ＵＣＣ上島珈琲株式会社,4901201126437.0,UCC ﾋﾞｰﾝｽﾞ ｱﾝﾄﾞ ﾛｰｽﾀｰｽﾞ ｶﾌｪﾗｯﾃ 260BC,1.0,飲料,anchor
95,seen,411.0,飲料 ｶﾝﾍﾟｯﾄ,95,1032.0,ＵＣＣ上島珈琲株式会社,4901201126437.0,UCC ﾋﾞｰﾝｽﾞ ｱﾝﾄﾞ ﾛｰｽﾀｰｽﾞ ｶﾌｪﾗｯﾃ 260BC,1.0,飲料,query
96,seen,411.0,飲料 ｶﾝﾍﾟｯﾄ,96,1032.0,ＵＣＣ上島珈琲株式会社,4901201126437.0,UCC ﾋﾞｰﾝｽﾞ ｱﾝﾄﾞ ﾛｰｽﾀｰｽﾞ ｶﾌｪﾗｯﾃ 260BC,1.0,飲料,anchor
97,seen,411.0,飲料 ｶﾝﾍﾟｯﾄ,97,1032.0,ＵＣＣ上島珈琲株式会社,4901201126437.0,UCC ﾋﾞｰﾝｽﾞ ｱﾝﾄﾞ ﾛｰｽﾀｰｽﾞ ｶﾌｪﾗｯﾃ 260BC,1.0,飲料,query
98,seen,411.0,飲料 ｶﾝﾍﾟｯﾄ,98,1032.0,ＵＣＣ上島珈琲株式会社,4901201126437.0,UCC ﾋﾞｰﾝｽﾞ ｱﾝﾄﾞ ﾛｰｽﾀｰｽﾞ ｶﾌｪﾗｯﾃ 260BC,1.0,飲料,query
99,seen,411.0,飲料 ｶﾝﾍﾟｯﾄ,99,1032.0,ＵＣＣ上島珈琲株式会社,4901201126437.0,UCC ﾋﾞｰﾝｽﾞ ｱﾝﾄﾞ ﾛｰｽﾀｰｽﾞ ｶﾌｪﾗｯﾃ 260BC,1.0,飲料,anchor
100,seen,411.0,飲料 ｶﾝﾍﾟｯﾄ,100,1032.0,ＵＣＣ上島珈琲株式会社,4901201126437.0,UCC ﾋﾞｰﾝｽﾞ ｱﾝﾄﾞ ﾛｰｽﾀｰｽﾞ ｶﾌｪﾗｯﾃ 260BC,1.0,飲料,query
101,seen,411.0,飲料 ｶﾝﾍﾟｯﾄ,101,1032.0,ＵＣＣ上島珈琲株式会社,4901201126437.0,UCC ﾋﾞｰﾝｽﾞ ｱﾝﾄﾞ ﾛｰｽﾀｰｽﾞ ｶﾌｪﾗｯﾃ 260BC,1.0,飲料,anchor
102,unseen,411.0,飲料 ｶﾝﾍﾟｯﾄ,102,1106.0,コカ・コーラ,4902102107341.0,CC ｼﾞｮｰｼﾞｴﾒﾗﾙﾄﾞﾏｳﾝﾃﾝ190p,1.0,飲料,anchor
103,unseen,411.0,飲料 ｶﾝﾍﾟｯﾄ,103,1106.0,コカ・コーラ,4902102107341.0,CC ｼﾞｮｰｼﾞｴﾒﾗﾙﾄﾞﾏｳﾝﾃﾝ190p,1.0,飲料,anchor
104,unseen,411.0,飲料 ｶﾝﾍﾟｯﾄ,104,1106.0,コカ・コーラ,4902102107341.0,CC ｼﾞｮｰｼﾞｴﾒﾗﾙﾄﾞﾏｳﾝﾃﾝ190p,1.0,飲料,anchor
105,unseen,411.0,飲料 ｶﾝﾍﾟｯﾄ,105,1106.0,コカ・コーラ,4902102107341.0,CC ｼﾞｮｰｼﾞｴﾒﾗﾙﾄﾞﾏｳﾝﾃﾝ190p,1.0,飲料,anchor
106,unseen,411.0,飲料 ｶﾝﾍﾟｯﾄ,106,1106.0,コカ・コーラ,4902102107341.0,CC ｼﾞｮｰｼﾞｴﾒﾗﾙﾄﾞﾏｳﾝﾃﾝ190p,1.0,飲料,anchor
107,seen,411.0,飲料 ｶﾝﾍﾟｯﾄ,107,1106.0,コカ・コーラ,4902102107341.0,CC ｼﾞｮｰｼﾞｴﾒﾗﾙﾄﾞﾏｳﾝﾃﾝ190p,1.0,飲料,query
108,unseen,411.0,飲料 ｶﾝﾍﾟｯﾄ,108,1106.0,コカ・コーラ,4902102107341.0,CC ｼﾞｮｰｼﾞｴﾒﾗﾙﾄﾞﾏｳﾝﾃﾝ190p,1.0,飲料,anchor
109,unseen,411.0,飲料 ｶﾝﾍﾟｯﾄ,109,1106.0,コカ・コーラ,4902102107341.0,CC ｼﾞｮｰｼﾞｴﾒﾗﾙﾄﾞﾏｳﾝﾃﾝ190p,1.0,飲料,anchor
110,unseen,411.0,飲料 ｶﾝﾍﾟｯﾄ,110,1106.0,コカ・コーラ,4902102107341.0,CC ｼﾞｮｰｼﾞｴﾒﾗﾙﾄﾞﾏｳﾝﾃﾝ190p,1.0,飲料,anchor
111,unseen,411.0,飲料 ｶﾝﾍﾟｯﾄ,111,1106.0,コカ・コーラ,4902102107341.0,CC ｼﾞｮｰｼﾞｴﾒﾗﾙﾄﾞﾏｳﾝﾃﾝ190p,1.0,飲料,query
112,unseen,411.0,飲料 ｶﾝﾍﾟｯﾄ,112,1106.0,コカ・コーラ,4902102107341.0,CC ｼﾞｮｰｼﾞｴﾒﾗﾙﾄﾞﾏｳﾝﾃﾝ190p,1.0,飲料,query
113,unseen,411.0,飲料 ｶﾝﾍﾟｯﾄ,113,1106.0,コカ・コーラ,4902102107341.0,CC ｼﾞｮｰｼﾞｴﾒﾗﾙﾄﾞﾏｳﾝﾃﾝ190p,1.0,飲料,anchor
114,unseen,411.0,飲料 ｶﾝﾍﾟｯﾄ,114,1106.0,コカ・コーラ,4902102107341.0,CC ｼﾞｮｰｼﾞｴﾒﾗﾙﾄﾞﾏｳﾝﾃﾝ190p,1.0,飲料,anchor
115,unseen,411.0,飲料 ｶﾝﾍﾟｯﾄ,115,1106.0,コカ・コーラ,4902102107341.0,CC ｼﾞｮｰｼﾞｴﾒﾗﾙﾄﾞﾏｳﾝﾃﾝ190p,1.0,飲料,anchor
116,unseen,411.0,飲料 ｶﾝﾍﾟｯﾄ,116,1106.0,コカ・コーラ,4902102107341.0,CC ｼﾞｮｰｼﾞｴﾒﾗﾙﾄﾞﾏｳﾝﾃﾝ190p,1.0,飲料,query
117,seen,411.0,飲料 ｶﾝﾍﾟｯﾄ,117,1108.0,富永貿易,4936790441111.0,富永ｼﾞｬｽﾐﾝ茶 500PT,1.0,飲料,anchor
118,seen,411.0,飲料 ｶﾝﾍﾟｯﾄ,118,1108.0,富永貿易,4936790441111.0,富永ｼﾞｬｽﾐﾝ茶 500PT,1.0,飲料,query
119,seen,411.0,飲料 ｶﾝﾍﾟｯﾄ,119,1108.0,富永貿易,4936790441111.0,富永ｼﾞｬｽﾐﾝ茶 500PT,1.0,飲料,anchor
120,seen,411.0,飲料 ｶﾝﾍﾟｯﾄ,120,1108.0,富永貿易,4936790441111.0,富永ｼﾞｬｽﾐﾝ茶 500PT,1.0,飲料,anchor
121,seen,411.0,飲料 ｶﾝﾍﾟｯﾄ,121,1108.0,富永貿易,4936790441111.0,富永ｼﾞｬｽﾐﾝ茶 500PT,1.0,飲料,query
122,seen,411.0,飲料 ｶﾝﾍﾟｯﾄ,122,1108.0,富永貿易,4936790441111.0,富永ｼﾞｬｽﾐﾝ茶 500PT,1.0,飲料,anchor
123,seen,411.0,飲料 ｶﾝﾍﾟｯﾄ,123,1108.0,富永貿易,4936790441111.0,富永ｼﾞｬｽﾐﾝ茶 500PT,1.0,飲料,anchor
124,seen,411.0,飲料 ｶﾝﾍﾟｯﾄ,124,1108.0,富永貿易,4936790441111.0,富永ｼﾞｬｽﾐﾝ茶 500PT,1.0,飲料,anchor
125,seen,411.0,飲料 ｶﾝﾍﾟｯﾄ,125,1108.0,富永貿易,4936790441111.0,富永ｼﾞｬｽﾐﾝ茶 500PT,1.0,飲料,anchor
126,seen,411.0,飲料 ｶﾝﾍﾟｯﾄ,126,1108.0,富永貿易,4936790441111.0,富永ｼﾞｬｽﾐﾝ茶 500PT,1.0,飲料,query
127,seen,411.0,飲料 ｶﾝﾍﾟｯﾄ,127,1108.0,富永貿易,4936790441111.0,富永ｼﾞｬｽﾐﾝ茶 500PT,1.0,飲料,query
128,seen,411.0,飲料 ｶﾝﾍﾟｯﾄ,128,1108.0,富永貿易,4936790441111.0,富永ｼﾞｬｽﾐﾝ茶 500PT,1.0,飲料,anchor
129,seen,411.0,飲料 ｶﾝﾍﾟｯﾄ,129,1108.0,富永貿易,4936790441111.0,富永ｼﾞｬｽﾐﾝ茶 500PT,1.0,飲料,anchor
130,seen,411.0,飲料 ｶﾝﾍﾟｯﾄ,130,1108.0,富永貿易,4936790441111.0,富永ｼﾞｬｽﾐﾝ茶 500PT,1.0,飲料,anchor
131,seen,411.0,飲料 ｶﾝﾍﾟｯﾄ,131,1108.0,富永貿易,4936790441111.0,富永ｼﾞｬｽﾐﾝ茶 500PT,1.0,飲料,query
132,seen,411.0,飲料 ｶﾝﾍﾟｯﾄ,132,1078.0,サントリーフーズ株式会社,4901777247703.0,SNF 特茶 500PT,1.0,飲料,query
133,seen,411.0,飲料 ｶﾝﾍﾟｯﾄ,133,1078.0,サントリーフーズ株式会社,4901777247703.0,SNF 特茶 500PT,1.0,飲料,anchor
134,seen,411.0,飲料 ｶﾝﾍﾟｯﾄ,134,1078.0,サントリーフーズ株式会社,4901777247703.0,SNF 特茶 500PT,1.0,飲料,anchor
135,seen,411.0,飲料 ｶﾝﾍﾟｯﾄ,135,1078.0,サントリーフーズ株式会社,4901777247703.0,SNF 特茶 500PT,1.0,飲料,anchor
136,seen,411.0,飲料 ｶﾝﾍﾟｯﾄ,136,1078.0,サントリーフーズ株式会社,4901777247703.0,SNF 特茶 500PT,1.0,飲料,anchor
137,seen,411.0,飲料 ｶﾝﾍﾟｯﾄ,137,1078.0,サントリーフーズ株式会社,4901777247703.0,SNF 特茶 500PT,1.0,飲料,anchor
138,seen,411.0,飲料 ｶﾝﾍﾟｯﾄ,138,1078.0,サントリーフーズ株式会社,4901777247703.0,SNF 特茶 500PT,1.0,飲料,anchor
139,seen,411.0,飲料 ｶﾝﾍﾟｯﾄ,139,1078.0,サントリーフーズ株式会社,4901777247703.0,SNF 特茶 500PT,1.0,飲料,anchor
140,seen,411.0,飲料 ｶﾝﾍﾟｯﾄ,140,1078.0,サントリーフーズ株式会社,4901777247703.0,SNF 特茶 500PT,1.0,飲料,anchor
141,seen,411.0,飲料 ｶﾝﾍﾟｯﾄ,141,1078.0,サントリーフーズ株式会社,4901777247703.0,SNF 特茶 500PT,1.0,飲料,anchor
142,seen,411.0,飲料 ｶﾝﾍﾟｯﾄ,142,1078.0,サントリーフーズ株式会社,4901777247703.0,SNF 特茶 500PT,1.0,飲料,anchor
143,seen,411.0,飲料 ｶﾝﾍﾟｯﾄ,143,1078.0,サントリーフーズ株式会社,4901777247703.0,SNF 特茶 500PT,1.0,飲料,query
144,seen,411.0,飲料 ｶﾝﾍﾟｯﾄ,144,1078.0,サントリーフーズ株式会社,4901777247703.0,SNF 特茶 500PT,1.0,飲料,anchor
145,seen,411.0,飲料 ｶﾝﾍﾟｯﾄ,145,1078.0,サントリーフーズ株式会社,4901777247703.0,SNF 特茶 500PT,1.0,飲料,anchor
146,seen,411.0,飲料 ｶﾝﾍﾟｯﾄ,146,1078.0,サントリーフーズ株式会社,4901777247703.0,SNF 特茶 500PT,1.0,飲料,anchor
147,seen,411.0,飲料 ｶﾝﾍﾟｯﾄ,147,1034.0,株式会社 日本サンガリア,4902179016263.0,ｻﾝｶﾞﾘｱ ﾐﾗｸﾙｴﾅｼﾞｰ250CN,1.0,飲料,query
148,seen,411.0,飲料 ｶﾝﾍﾟｯﾄ,148,1034.0,株式会社 日本サンガリア,4902179016263.0,ｻﾝｶﾞﾘｱ ﾐﾗｸﾙｴﾅｼﾞｰ250CN,1.0,飲料,anchor
149,seen,411.0,飲料 ｶﾝﾍﾟｯﾄ,149,1034.0,株式会社 日本サンガリア,4902179016263.0,ｻﾝｶﾞﾘｱ ﾐﾗｸﾙｴﾅｼﾞｰ250CN,1.0,飲料,query
150,seen,411.0,飲料 ｶﾝﾍﾟｯﾄ,150,1034.0,株式会社 日本サンガリア,4902179016263.0,ｻﾝｶﾞﾘｱ ﾐﾗｸﾙｴﾅｼﾞｰ250CN,1.0,飲料,anchor
151,seen,411.0,飲料 ｶﾝﾍﾟｯﾄ,151,1034.0,株式会社 日本サンガリア,4902179016263.0,ｻﾝｶﾞﾘｱ ﾐﾗｸﾙｴﾅｼﾞｰ250CN,1.0,飲料,anchor
152,seen,411.0,飲料 ｶﾝﾍﾟｯﾄ,152,1034.0,株式会社 日本サンガリア,4902179016263.0,ｻﾝｶﾞﾘｱ ﾐﾗｸﾙｴﾅｼﾞｰ250CN,1.0,飲料,query
153,seen,411.0,飲料 ｶﾝﾍﾟｯﾄ,153,1034.0,株式会社 日本サンガリア,4902179016263.0,ｻﾝｶﾞﾘｱ ﾐﾗｸﾙｴﾅｼﾞｰ250CN,1.0,飲料,anchor
154,seen,411.0,飲料 ｶﾝﾍﾟｯﾄ,154,1034.0,株式会社 日本サンガリア,4902179016263.0,ｻﾝｶﾞﾘｱ ﾐﾗｸﾙｴﾅｼﾞｰ250CN,1.0,飲料,anchor
155,seen,411.0,飲料 ｶﾝﾍﾟｯﾄ,155,1034.0,株式会社 日本サンガリア,4902179016263.0,ｻﾝｶﾞﾘｱ ﾐﾗｸﾙｴﾅｼﾞｰ250CN,1.0,飲料,anchor
156,seen,411.0,飲料 ｶﾝﾍﾟｯﾄ,156,1034.0,株式会社 日本サンガリア,4902179016263.0,ｻﾝｶﾞﾘｱ ﾐﾗｸﾙｴﾅｼﾞｰ250CN,1.0,飲料,anchor
157,seen,411.0,飲料 ｶﾝﾍﾟｯﾄ,157,1034.0,株式会社 日本サンガリア,4902179016263.0,ｻﾝｶﾞﾘｱ ﾐﾗｸﾙｴﾅｼﾞｰ250CN,1.0,飲料,anchor
158,seen,411.0,飲料 ｶﾝﾍﾟｯﾄ,158,1034.0,株式会社 日本サンガリア,4902179016263.0,ｻﾝｶﾞﾘｱ ﾐﾗｸﾙｴﾅｼﾞｰ250CN,1.0,飲料,anchor
159,seen,411.0,飲料 ｶﾝﾍﾟｯﾄ,159,1034.0,株式会社 日本サンガリア,4902179016263.0,ｻﾝｶﾞﾘｱ ﾐﾗｸﾙｴﾅｼﾞｰ250CN,1.0,飲料,anchor
160,seen,411.0,飲料 ｶﾝﾍﾟｯﾄ,160,1034.0,株式会社 日本サンガリア,4902179016263.0,ｻﾝｶﾞﾘｱ ﾐﾗｸﾙｴﾅｼﾞｰ250CN,1.0,飲料,anchor
161,seen,411.0,飲料 ｶﾝﾍﾟｯﾄ,161,1034.0,株式会社 日本サンガリア,4902179016263.0,ｻﾝｶﾞﾘｱ ﾐﾗｸﾙｴﾅｼﾞｰ250CN,1.0,飲料,anchor
162,seen,101.0,ｶﾞﾑ･飴･ｸﾞﾐ,162,1057.0,カンロ株式会社,49239423.0,ｶﾝﾛ 健康ｳﾒのど飴 11PK,3.0,菓子,anchor
163,seen,101.0,ｶﾞﾑ･飴･ｸﾞﾐ,163,1057.0,カンロ株式会社,49239423.0,ｶﾝﾛ 健康ｳﾒのど飴 11PK,3.0,菓子,query
164,seen,101.0,ｶﾞﾑ･飴･ｸﾞﾐ,164,1057.0,カンロ株式会社,49239423.0,ｶﾝﾛ 健康ｳﾒのど飴 11PK,3.0,菓子,anchor
165,seen,101.0,ｶﾞﾑ･飴･ｸﾞﾐ,165,1057.0,カンロ株式会社,49239423.0,ｶﾝﾛ 健康ｳﾒのど飴 11PK,3.0,菓子,anchor
166,seen,101.0,ｶﾞﾑ･飴･ｸﾞﾐ,166,1057.0,カンロ株式会社,49239423.0,ｶﾝﾛ 健康ｳﾒのど飴 11PK,3.0,菓子,anchor
167,seen,411.0,飲料 ｶﾝﾍﾟｯﾄ,167,1034.0,株式会社 日本サンガリア,4902179018281.0,ｻﾝｶﾞﾘｱ ｽﾊﾞﾗｼｲｵ茶500ｍｌ,1.0,飲料,anchor
168,seen,411.0,飲料 ｶﾝﾍﾟｯﾄ,168,1034.0,株式会社 日本サンガリア,4902179018281.0,ｻﾝｶﾞﾘｱ ｽﾊﾞﾗｼｲｵ茶500ｍｌ,1.0,飲料,anchor
169,seen,411.0,飲料 ｶﾝﾍﾟｯﾄ,169,1034.0,株式会社 日本サンガリア,4902179018281.0,ｻﾝｶﾞﾘｱ ｽﾊﾞﾗｼｲｵ茶500ｍｌ,1.0,飲料,query
170,seen,411.0,飲料 ｶﾝﾍﾟｯﾄ,170,1034.0,株式会社 日本サンガリア,4902179018281.0,ｻﾝｶﾞﾘｱ ｽﾊﾞﾗｼｲｵ茶500ｍｌ,1.0,飲料,anchor
171,seen,411.0,飲料 ｶﾝﾍﾟｯﾄ,171,1034.0,株式会社 日本サンガリア,4902179018281.0,ｻﾝｶﾞﾘｱ ｽﾊﾞﾗｼｲｵ茶500ｍｌ,1.0,飲料,anchor
172,seen,411.0,飲料 ｶﾝﾍﾟｯﾄ,172,1034.0,株式会社 日本サンガリア,4902179018281.0,ｻﾝｶﾞﾘｱ ｽﾊﾞﾗｼｲｵ茶500ｍｌ,1.0,飲料,anchor
173,seen,411.0,飲料 ｶﾝﾍﾟｯﾄ,173,1034.0,株式会社 日本サンガリア,4902179018281.0,ｻﾝｶﾞﾘｱ ｽﾊﾞﾗｼｲｵ茶500ｍｌ,1.0,飲料,anchor
174,seen,411.0,飲料 ｶﾝﾍﾟｯﾄ,174,1034.0,株式会社 日本サンガリア,4902179018281.0,ｻﾝｶﾞﾘｱ ｽﾊﾞﾗｼｲｵ茶500ｍｌ,1.0,飲料,anchor
175,seen,411.0,飲料 ｶﾝﾍﾟｯﾄ,175,1034.0,株式会社 日本サンガリア,4902179018281.0,ｻﾝｶﾞﾘｱ ｽﾊﾞﾗｼｲｵ茶500ｍｌ,1.0,飲料,anchor
176,seen,411.0,飲料 ｶﾝﾍﾟｯﾄ,176,1034.0,株式会社 日本サンガリア,4902179018281.0,ｻﾝｶﾞﾘｱ ｽﾊﾞﾗｼｲｵ茶500ｍｌ,1.0,飲料,anchor
177,seen,411.0,飲料 ｶﾝﾍﾟｯﾄ,177,1034.0,株式会社 日本サンガリア,4902179018281.0,ｻﾝｶﾞﾘｱ ｽﾊﾞﾗｼｲｵ茶500ｍｌ,1.0,飲料,anchor
178,seen,411.0,飲料 ｶﾝﾍﾟｯﾄ,178,1034.0,株式会社 日本サンガリア,4902179018281.0,ｻﾝｶﾞﾘｱ ｽﾊﾞﾗｼｲｵ茶500ｍｌ,1.0,飲料,anchor
179,seen,411.0,飲料 ｶﾝﾍﾟｯﾄ,179,1034.0,株式会社 日本サンガリア,4902179018281.0,ｻﾝｶﾞﾘｱ ｽﾊﾞﾗｼｲｵ茶500ｍｌ,1.0,飲料,anchor
180,seen,411.0,飲料 ｶﾝﾍﾟｯﾄ,180,1034.0,株式会社 日本サンガリア,4902179018281.0,ｻﾝｶﾞﾘｱ ｽﾊﾞﾗｼｲｵ茶500ｍｌ,1.0,飲料,query
181,seen,411.0,飲料 ｶﾝﾍﾟｯﾄ,181,1034.0,株式会社 日本サンガリア,4902179018281.0,ｻﾝｶﾞﾘｱ ｽﾊﾞﾗｼｲｵ茶500ｍｌ,1.0,飲料,query
182,seen,411.0,飲料 ｶﾝﾍﾟｯﾄ,182,1034.0,株式会社 日本サンガリア,4902179018281.0,ｻﾝｶﾞﾘｱ ｽﾊﾞﾗｼｲｵ茶500ｍｌ,1.0,飲料,anchor
183,seen,411.0,飲料 ｶﾝﾍﾟｯﾄ,183,1034.0,株式会社 日本サンガリア,4902179018281.0,ｻﾝｶﾞﾘｱ ｽﾊﾞﾗｼｲｵ茶500ｍｌ,1.0,飲料,query
184,seen,411.0,飲料 ｶﾝﾍﾟｯﾄ,184,1079.0,アサヒ飲料株式会社,4897036690017.0,ASI ﾓﾝｽﾀｰｴﾅｼﾞｰ 355CN,5.0,栄養保健,anchor
185,seen,411.0,飲料 ｶﾝﾍﾟｯﾄ,185,1079.0,アサヒ飲料株式会社,4897036690017.0,ASI ﾓﾝｽﾀｰｴﾅｼﾞｰ 355CN,5.0,栄養保健,query
186,seen,411.0,飲料 ｶﾝﾍﾟｯﾄ,186,1079.0,アサヒ飲料株式会社,4897036690017.0,ASI ﾓﾝｽﾀｰｴﾅｼﾞｰ 355CN,5.0,栄養保健,anchor
187,seen,411.0,飲料 ｶﾝﾍﾟｯﾄ,187,1079.0,アサヒ飲料株式会社,4897036690017.0,ASI ﾓﾝｽﾀｰｴﾅｼﾞｰ 355CN,5.0,栄養保健,query
188,seen,411.0,飲料 ｶﾝﾍﾟｯﾄ,188,1079.0,アサヒ飲料株式会社,4897036690017.0,ASI ﾓﾝｽﾀｰｴﾅｼﾞｰ 355CN,5.0,栄養保健,anchor
189,seen,411.0,飲料 ｶﾝﾍﾟｯﾄ,189,1079.0,アサヒ飲料株式会社,4897036690017.0,ASI ﾓﾝｽﾀｰｴﾅｼﾞｰ 355CN,5.0,栄養保健,anchor
190,seen,411.0,飲料 ｶﾝﾍﾟｯﾄ,190,1079.0,アサヒ飲料株式会社,4897036690017.0,ASI ﾓﾝｽﾀｰｴﾅｼﾞｰ 355CN,5.0,栄養保健,query
191,seen,411.0,飲料 ｶﾝﾍﾟｯﾄ,191,1079.0,アサヒ飲料株式会社,4897036690017.0,ASI ﾓﾝｽﾀｰｴﾅｼﾞｰ 355CN,5.0,栄養保健,query
192,seen,411.0,飲料 ｶﾝﾍﾟｯﾄ,192,1079.0,アサヒ飲料株式会社,4897036690017.0,ASI ﾓﾝｽﾀｰｴﾅｼﾞｰ 355CN,5.0,栄養保健,anchor
193,seen,411.0,飲料 ｶﾝﾍﾟｯﾄ,193,1079.0,アサヒ飲料株式会社,4897036690017.0,ASI ﾓﾝｽﾀｰｴﾅｼﾞｰ 355CN,5.0,栄養保健,anchor
194,seen,411.0,飲料 ｶﾝﾍﾟｯﾄ,194,1079.0,アサヒ飲料株式会社,4897036690017.0,ASI ﾓﾝｽﾀｰｴﾅｼﾞｰ 355CN,5.0,栄養保健,anchor
195,seen,411.0,飲料 ｶﾝﾍﾟｯﾄ,195,1079.0,アサヒ飲料株式会社,4897036690017.0,ASI ﾓﾝｽﾀｰｴﾅｼﾞｰ 355CN,5.0,栄養保健,anchor
196,seen,411.0,飲料 ｶﾝﾍﾟｯﾄ,196,1079.0,アサヒ飲料株式会社,4897036690017.0,ASI ﾓﾝｽﾀｰｴﾅｼﾞｰ 355CN,5.0,栄養保健,query
197,seen,411.0,飲料 ｶﾝﾍﾟｯﾄ,197,1079.0,アサヒ飲料株式会社,4897036690017.0,ASI ﾓﾝｽﾀｰｴﾅｼﾞｰ 355CN,5.0,栄養保健,query
198,seen,411.0,飲料 ｶﾝﾍﾟｯﾄ,198,1079.0,アサヒ飲料株式会社,4897036690017.0,ASI ﾓﾝｽﾀｰｴﾅｼﾞｰ 355CN,5.0,栄養保健,anchor
199,seen,101.0,ｶﾞﾑ･飴･ｸﾞﾐ,199,1054.0,森永製菓株式会社,4902888204210.0,森永 ﾊｲﾁｭｳﾐﾆ,3.0,菓子,query
200,seen,101.0,ｶﾞﾑ･飴･ｸﾞﾐ,200,1054.0,森永製菓株式会社,4902888204210.0,森永 ﾊｲﾁｭｳﾐﾆ,3.0,菓子,query
201,seen,101.0,ｶﾞﾑ･飴･ｸﾞﾐ,201,1054.0,森永製菓株式会社,4902888204210.0,森永 ﾊｲﾁｭｳﾐﾆ,3.0,菓子,anchor
202,seen,101.0,ｶﾞﾑ･飴･ｸﾞﾐ,202,1054.0,森永製菓株式会社,4902888204210.0,森永 ﾊｲﾁｭｳﾐﾆ,3.0,菓子,anchor
203,seen,101.0,ｶﾞﾑ･飴･ｸﾞﾐ,203,1054.0,森永製菓株式会社,4902888204210.0,森永 ﾊｲﾁｭｳﾐﾆ,3.0,菓子,anchor
204,seen,411.0,飲料 ｶﾝﾍﾟｯﾄ,204,1034.0,株式会社 日本サンガリア,4902179018977.0,ｻﾝｶﾞﾘｱ まろやかいちご＆ミルク,1.0,飲料,anchor
205,seen,411.0,飲料 ｶﾝﾍﾟｯﾄ,205,1034.0,株式会社 日本サンガリア,4902179018977.0,ｻﾝｶﾞﾘｱ まろやかいちご＆ミルク,1.0,飲料,anchor
206,seen,411.0,飲料 ｶﾝﾍﾟｯﾄ,206,1034.0,株式会社 日本サンガリア,4902179018977.0,ｻﾝｶﾞﾘｱ まろやかいちご＆ミルク,1.0,飲料,query
207,seen,411.0,飲料 ｶﾝﾍﾟｯﾄ,207,1034.0,株式会社 日本サンガリア,4902179018977.0,ｻﾝｶﾞﾘｱ まろやかいちご＆ミルク,1.0,飲料,anchor
208,seen,411.0,飲料 ｶﾝﾍﾟｯﾄ,208,1034.0,株式会社 日本サンガリア,4902179018977.0,ｻﾝｶﾞﾘｱ まろやかいちご＆ミルク,1.0,飲料,anchor
209,seen,411.0,飲料 ｶﾝﾍﾟｯﾄ,209,1034.0,株式会社 日本サンガリア,4902179018977.0,ｻﾝｶﾞﾘｱ まろやかいちご＆ミルク,1.0,飲料,anchor
210,seen,411.0,飲料 ｶﾝﾍﾟｯﾄ,210,1034.0,株式会社 日本サンガリア,4902179018977.0,ｻﾝｶﾞﾘｱ まろやかいちご＆ミルク,1.0,飲料,query
211,seen,411.0,飲料 ｶﾝﾍﾟｯﾄ,211,1034.0,株式会社 日本サンガリア,4902179018977.0,ｻﾝｶﾞﾘｱ まろやかいちご＆ミルク,1.0,飲料,anchor
212,seen,411.0,飲料 ｶﾝﾍﾟｯﾄ,212,1034.0,株式会社 日本サンガリア,4902179018977.0,ｻﾝｶﾞﾘｱ まろやかいちご＆ミルク,1.0,飲料,query
213,seen,411.0,飲料 ｶﾝﾍﾟｯﾄ,213,1034.0,株式会社 日本サンガリア,4902179018977.0,ｻﾝｶﾞﾘｱ まろやかいちご＆ミルク,1.0,飲料,anchor
214,seen,411.0,飲料 ｶﾝﾍﾟｯﾄ,214,1034.0,株式会社 日本サンガリア,4902179018977.0,ｻﾝｶﾞﾘｱ まろやかいちご＆ミルク,1.0,飲料,anchor
215,seen,411.0,飲料 ｶﾝﾍﾟｯﾄ,215,1034.0,株式会社 日本サンガリア,4902179018977.0,ｻﾝｶﾞﾘｱ まろやかいちご＆ミルク,1.0,飲料,query
216,seen,411.0,飲料 ｶﾝﾍﾟｯﾄ,216,1034.0,株式会社 日本サンガリア,4902179018977.0,ｻﾝｶﾞﾘｱ まろやかいちご＆ミルク,1.0,飲料,anchor
217,seen,411.0,飲料 ｶﾝﾍﾟｯﾄ,217,1034.0,株式会社 日本サンガリア,4902179018977.0,ｻﾝｶﾞﾘｱ まろやかいちご＆ミルク,1.0,飲料,query
218,seen,411.0,飲料 ｶﾝﾍﾟｯﾄ,218,1034.0,株式会社 日本サンガリア,4902179018977.0,ｻﾝｶﾞﾘｱ まろやかいちご＆ミルク,1.0,飲料,query
219,unseen,411.0,飲料 ｶﾝﾍﾟｯﾄ,219,1034.0,株式会社 日本サンガリア,4902179018304.0,ｻﾝｶﾞﾘｱ あなたのほうじ茶 500PT,1.0,飲料,query
220,unseen,411.0,飲料 ｶﾝﾍﾟｯﾄ,220,1034.0,株式会社 日本サンガリア,4902179018304.0,ｻﾝｶﾞﾘｱ あなたのほうじ茶 500PT,1.0,飲料,anchor
221,unseen,411.0,飲料 ｶﾝﾍﾟｯﾄ,221,1034.0,株式会社 日本サンガリア,4902179018304.0,ｻﾝｶﾞﾘｱ あなたのほうじ茶 500PT,1.0,飲料,anchor
222,unseen,411.0,飲料 ｶﾝﾍﾟｯﾄ,222,1034.0,株式会社 日本サンガリア,4902179018304.0,ｻﾝｶﾞﾘｱ あなたのほうじ茶 500PT,1.0,飲料,anchor
223,unseen,411.0,飲料 ｶﾝﾍﾟｯﾄ,223,1034.0,株式会社 日本サンガリア,4902179018304.0,ｻﾝｶﾞﾘｱ あなたのほうじ茶 500PT,1.0,飲料,anchor
224,unseen,411.0,飲料 ｶﾝﾍﾟｯﾄ,224,1034.0,株式会社 日本サンガリア,4902179018304.0,ｻﾝｶﾞﾘｱ あなたのほうじ茶 500PT,1.0,飲料,query
225,unseen,411.0,飲料 ｶﾝﾍﾟｯﾄ,225,1034.0,株式会社 日本サンガリア,4902179018304.0,ｻﾝｶﾞﾘｱ あなたのほうじ茶 500PT,1.0,飲料,query
226,unseen,411.0,飲料 ｶﾝﾍﾟｯﾄ,226,1034.0,株式会社 日本サンガリア,4902179018304.0,ｻﾝｶﾞﾘｱ あなたのほうじ茶 500PT,1.0,飲料,anchor
227,unseen,411.0,飲料 ｶﾝﾍﾟｯﾄ,227,1034.0,株式会社 日本サンガリア,4902179018304.0,ｻﾝｶﾞﾘｱ あなたのほうじ茶 500PT,1.0,飲料,query
228,unseen,411.0,飲料 ｶﾝﾍﾟｯﾄ,228,1034.0,株式会社 日本サンガリア,4902179018304.0,ｻﾝｶﾞﾘｱ あなたのほうじ茶 500PT,1.0,飲料,anchor
229,unseen,411.0,飲料 ｶﾝﾍﾟｯﾄ,229,1034.0,株式会社 日本サンガリア,4902179018304.0,ｻﾝｶﾞﾘｱ あなたのほうじ茶 500PT,1.0,飲料,query
230,unseen,411.0,飲料 ｶﾝﾍﾟｯﾄ,230,1034.0,株式会社 日本サンガリア,4902179018304.0,ｻﾝｶﾞﾘｱ あなたのほうじ茶 500PT,1.0,飲料,query
231,unseen,411.0,飲料 ｶﾝﾍﾟｯﾄ,231,1034.0,株式会社 日本サンガリア,4902179018304.0,ｻﾝｶﾞﾘｱ あなたのほうじ茶 500PT,1.0,飲料,anchor
232,unseen,411.0,飲料 ｶﾝﾍﾟｯﾄ,232,1034.0,株式会社 日本サンガリア,4902179018304.0,ｻﾝｶﾞﾘｱ あなたのほうじ茶 500PT,1.0,飲料,anchor
233,unseen,411.0,飲料 ｶﾝﾍﾟｯﾄ,233,1034.0,株式会社 日本サンガリア,4902179018304.0,ｻﾝｶﾞﾘｱ あなたのほうじ茶 500PT,1.0,飲料,anchor
234,unseen,101.0,ｶﾞﾑ･飴･ｸﾞﾐ,234,1018.0,株式会社 明治,49771251.0,明治 キシリッシュ　アクアクール,3.0,菓子,anchor
235,unseen,101.0,ｶﾞﾑ･飴･ｸﾞﾐ,235,1018.0,株式会社 明治,49771251.0,明治 キシリッシュ　アクアクール,3.0,菓子,query
236,unseen,101.0,ｶﾞﾑ･飴･ｸﾞﾐ,236,1018.0,株式会社 明治,49771251.0,明治 キシリッシュ　アクアクール,3.0,菓子,anchor
237,unseen,101.0,ｶﾞﾑ･飴･ｸﾞﾐ,237,1018.0,株式会社 明治,49771251.0,明治 キシリッシュ　アクアクール,3.0,菓子,anchor
238,unseen,101.0,ｶﾞﾑ･飴･ｸﾞﾐ,238,1018.0,株式会社 明治,49771251.0,明治 キシリッシュ　アクアクール,3.0,菓子,anchor
239,unseen,122.0,ﾁｮｺﾚｰﾄ 箱・袋 冷蔵,239,1017.0,株式会社 ロッテ,4903333185146.0,ﾛｯﾃ ｱｰﾓﾝﾄﾞﾁｮｺﾚｰﾄ ｸﾘｽﾌﾟ,3.0,菓子,anchor
240,unseen,122.0,ﾁｮｺﾚｰﾄ 箱・袋 冷蔵,240,1017.0,株式会社 ロッテ,4903333185146.0,ﾛｯﾃ ｱｰﾓﾝﾄﾞﾁｮｺﾚｰﾄ ｸﾘｽﾌﾟ,3.0,菓子,anchor
241,unseen,122.0,ﾁｮｺﾚｰﾄ 箱・袋 冷蔵,241,1017.0,株式会社 ロッテ,4903333185146.0,ﾛｯﾃ ｱｰﾓﾝﾄﾞﾁｮｺﾚｰﾄ ｸﾘｽﾌﾟ,3.0,菓子,anchor
242,unseen,122.0,ﾁｮｺﾚｰﾄ 箱・袋 冷蔵,242,1017.0,株式会社 ロッテ,4903333185146.0,ﾛｯﾃ ｱｰﾓﾝﾄﾞﾁｮｺﾚｰﾄ ｸﾘｽﾌﾟ,3.0,菓子,anchor
243,unseen,122.0,ﾁｮｺﾚｰﾄ 箱・袋 冷蔵,243,1017.0,株式会社 ロッテ,4903333185146.0,ﾛｯﾃ ｱｰﾓﾝﾄﾞﾁｮｺﾚｰﾄ ｸﾘｽﾌﾟ,3.0,菓子,anchor
244,unseen,123.0,ﾁｮｺﾚｰﾄ ﾊﾞﾗ 冷蔵,244,1100.0,フルタ製菓株式会社,49750188.0,ﾌﾙﾀ ｾｺｲﾔﾐﾙｸCP,3.0,菓子,anchor
245,unseen,123.0,ﾁｮｺﾚｰﾄ ﾊﾞﾗ 冷蔵,245,1100.0,フルタ製菓株式会社,49750188.0,ﾌﾙﾀ ｾｺｲﾔﾐﾙｸCP,3.0,菓子,anchor
246,unseen,123.0,ﾁｮｺﾚｰﾄ ﾊﾞﾗ 冷蔵,246,1100.0,フルタ製菓株式会社,49750188.0,ﾌﾙﾀ ｾｺｲﾔﾐﾙｸCP,3.0,菓子,anchor
247,unseen,123.0,ﾁｮｺﾚｰﾄ ﾊﾞﾗ 冷蔵,247,1100.0,フルタ製菓株式会社,49750188.0,ﾌﾙﾀ ｾｺｲﾔﾐﾙｸCP,3.0,菓子,anchor
248,unseen,123.0,ﾁｮｺﾚｰﾄ ﾊﾞﾗ 冷蔵,248,1100.0,フルタ製菓株式会社,49750188.0,ﾌﾙﾀ ｾｺｲﾔﾐﾙｸCP,3.0,菓子,anchor
249,seen,412.0,飲料 ﾊﾟｯｸ,249,1060.0,株式会社 紀文,4930726100219.0,紀文 調整豆乳 200BP,1.0,飲料,query
250,seen,412.0,飲料 ﾊﾟｯｸ,250,1060.0,株式会社 紀文,4930726100219.0,紀文 調整豆乳 200BP,1.0,飲料,anchor
251,seen,412.0,飲料 ﾊﾟｯｸ,251,1060.0,株式会社 紀文,4930726100219.0,紀文 調整豆乳 200BP,1.0,飲料,anchor
252,seen,412.0,飲料 ﾊﾟｯｸ,252,1060.0,株式会社 紀文,4930726100219.0,紀文 調整豆乳 200BP,1.0,飲料,anchor
253,seen,412.0,飲料 ﾊﾟｯｸ,253,1060.0,株式会社 紀文,4930726100219.0,紀文 調整豆乳 200BP,1.0,飲料,anchor
254,unseen,411.0,飲料 ｶﾝﾍﾟｯﾄ,254,1108.0,富永貿易,4936790517205.0,富永 ｶﾌｪﾄﾞﾘｯﾌﾟ ｸﾘｱﾌﾞﾗｯｸ 185CN,1.0,飲料,anchor
255,unseen,411.0,飲料 ｶﾝﾍﾟｯﾄ,255,1108.0,富永貿易,4936790517205.0,富永 ｶﾌｪﾄﾞﾘｯﾌﾟ ｸﾘｱﾌﾞﾗｯｸ 185CN,1.0,飲料,anchor
256,unseen,411.0,飲料 ｶﾝﾍﾟｯﾄ,256,1108.0,富永貿易,4936790517205.0,富永 ｶﾌｪﾄﾞﾘｯﾌﾟ ｸﾘｱﾌﾞﾗｯｸ 185CN,1.0,飲料,anchor
257,unseen,411.0,飲料 ｶﾝﾍﾟｯﾄ,257,1108.0,富永貿易,4936790517205.0,富永 ｶﾌｪﾄﾞﾘｯﾌﾟ ｸﾘｱﾌﾞﾗｯｸ 185CN,1.0,飲料,anchor
258,unseen,411.0,飲料 ｶﾝﾍﾟｯﾄ,258,1108.0,富永貿易,4936790517205.0,富永 ｶﾌｪﾄﾞﾘｯﾌﾟ ｸﾘｱﾌﾞﾗｯｸ 185CN,1.0,飲料,query
259,unseen,411.0,飲料 ｶﾝﾍﾟｯﾄ,259,1108.0,富永貿易,4936790517205.0,富永 ｶﾌｪﾄﾞﾘｯﾌﾟ ｸﾘｱﾌﾞﾗｯｸ 185CN,1.0,飲料,query
260,unseen,411.0,飲料 ｶﾝﾍﾟｯﾄ,260,1108.0,富永貿易,4936790517205.0,富永 ｶﾌｪﾄﾞﾘｯﾌﾟ ｸﾘｱﾌﾞﾗｯｸ 185CN,1.0,飲料,anchor
261,unseen,411.0,飲料 ｶﾝﾍﾟｯﾄ,261,1108.0,富永貿易,4936790517205.0,富永 ｶﾌｪﾄﾞﾘｯﾌﾟ ｸﾘｱﾌﾞﾗｯｸ 185CN,1.0,飲料,anchor
262,unseen,411.0,飲料 ｶﾝﾍﾟｯﾄ,262,1108.0,富永貿易,4936790517205.0,富永 ｶﾌｪﾄﾞﾘｯﾌﾟ ｸﾘｱﾌﾞﾗｯｸ 185CN,1.0,飲料,query
263,unseen,411.0,飲料 ｶﾝﾍﾟｯﾄ,263,1108.0,富永貿易,4936790517205.0,富永 ｶﾌｪﾄﾞﾘｯﾌﾟ ｸﾘｱﾌﾞﾗｯｸ 185CN,1.0,飲料,anchor
264,unseen,411.0,飲料 ｶﾝﾍﾟｯﾄ,264,1108.0,富永貿易,4936790517205.0,富永 ｶﾌｪﾄﾞﾘｯﾌﾟ ｸﾘｱﾌﾞﾗｯｸ 185CN,1.0,飲料,anchor
265,unseen,411.0,飲料 ｶﾝﾍﾟｯﾄ,265,1108.0,富永貿易,4936790517205.0,富永 ｶﾌｪﾄﾞﾘｯﾌﾟ ｸﾘｱﾌﾞﾗｯｸ 185CN,1.0,飲料,anchor
266,unseen,411.0,飲料 ｶﾝﾍﾟｯﾄ,266,1108.0,富永貿易,4936790517205.0,富永 ｶﾌｪﾄﾞﾘｯﾌﾟ ｸﾘｱﾌﾞﾗｯｸ 185CN,1.0,飲料,query
267,unseen,411.0,飲料 ｶﾝﾍﾟｯﾄ,267,1108.0,富永貿易,4936790517205.0,富永 ｶﾌｪﾄﾞﾘｯﾌﾟ ｸﾘｱﾌﾞﾗｯｸ 185CN,1.0,飲料,anchor
268,unseen,411.0,飲料 ｶﾝﾍﾟｯﾄ,268,1108.0,富永貿易,4936790517205.0,富永 ｶﾌｪﾄﾞﾘｯﾌﾟ ｸﾘｱﾌﾞﾗｯｸ 185CN,1.0,飲料,query
269,seen,411.0,飲料 ｶﾝﾍﾟｯﾄ,269,1106.0,コカ・コーラ,4902102035415.0,CC ﾌｧﾝﾀ ｵﾚﾝｼﾞ 500CN,1.0,飲料,query
270,seen,411.0,飲料 ｶﾝﾍﾟｯﾄ,270,1106.0,コカ・コーラ,4902102035415.0,CC ﾌｧﾝﾀ ｵﾚﾝｼﾞ 500CN,1.0,飲料,anchor
271,seen,411.0,飲料 ｶﾝﾍﾟｯﾄ,271,1106.0,コカ・コーラ,4902102035415.0,CC ﾌｧﾝﾀ ｵﾚﾝｼﾞ 500CN,1.0,飲料,query
272,seen,411.0,飲料 ｶﾝﾍﾟｯﾄ,272,1106.0,コカ・コーラ,4902102035415.0,CC ﾌｧﾝﾀ ｵﾚﾝｼﾞ 500CN,1.0,飲料,query
273,seen,411.0,飲料 ｶﾝﾍﾟｯﾄ,273,1106.0,コカ・コーラ,4902102035415.0,CC ﾌｧﾝﾀ ｵﾚﾝｼﾞ 500CN,1.0,飲料,query
274,seen,411.0,飲料 ｶﾝﾍﾟｯﾄ,274,1106.0,コカ・コーラ,4902102035415.0,CC ﾌｧﾝﾀ ｵﾚﾝｼﾞ 500CN,1.0,飲料,anchor
275,seen,411.0,飲料 ｶﾝﾍﾟｯﾄ,275,1106.0,コカ・コーラ,4902102035415.0,CC ﾌｧﾝﾀ ｵﾚﾝｼﾞ 500CN,1.0,飲料,anchor
276,seen,411.0,飲料 ｶﾝﾍﾟｯﾄ,276,1106.0,コカ・コーラ,4902102035415.0,CC ﾌｧﾝﾀ ｵﾚﾝｼﾞ 500CN,1.0,飲料,query
277,seen,411.0,飲料 ｶﾝﾍﾟｯﾄ,277,1106.0,コカ・コーラ,4902102035415.0,CC ﾌｧﾝﾀ ｵﾚﾝｼﾞ 500CN,1.0,飲料,anchor
278,seen,411.0,飲料 ｶﾝﾍﾟｯﾄ,278,1106.0,コカ・コーラ,4902102035415.0,CC ﾌｧﾝﾀ ｵﾚﾝｼﾞ 500CN,1.0,飲料,anchor
279,seen,411.0,飲料 ｶﾝﾍﾟｯﾄ,279,1106.0,コカ・コーラ,4902102035415.0,CC ﾌｧﾝﾀ ｵﾚﾝｼﾞ 500CN,1.0,飲料,anchor
280,seen,411.0,飲料 ｶﾝﾍﾟｯﾄ,280,1106.0,コカ・コーラ,4902102035415.0,CC ﾌｧﾝﾀ ｵﾚﾝｼﾞ 500CN,1.0,飲料,anchor
281,seen,411.0,飲料 ｶﾝﾍﾟｯﾄ,281,1106.0,コカ・コーラ,4902102035415.0,CC ﾌｧﾝﾀ ｵﾚﾝｼﾞ 500CN,1.0,飲料,anchor
282,seen,411.0,飲料 ｶﾝﾍﾟｯﾄ,282,1106.0,コカ・コーラ,4902102035415.0,CC ﾌｧﾝﾀ ｵﾚﾝｼﾞ 500CN,1.0,飲料,anchor
283,seen,411.0,飲料 ｶﾝﾍﾟｯﾄ,283,1106.0,コカ・コーラ,4902102035415.0,CC ﾌｧﾝﾀ ｵﾚﾝｼﾞ 500CN,1.0,飲料,anchor
284,unseen,412.0,飲料 ﾊﾟｯｸ,284,1059.0,カゴメ株式会社,4901306075517.0,ｶｺﾞﾒ 野菜生活100 ﾍﾞﾘｰｻﾗﾀﾞ 200BP,1.0,飲料,anchor
285,unseen,412.0,飲料 ﾊﾟｯｸ,285,1059.0,カゴメ株式会社,4901306075517.0,ｶｺﾞﾒ 野菜生活100 ﾍﾞﾘｰｻﾗﾀﾞ 200BP,1.0,飲料,query
286,unseen,412.0,飲料 ﾊﾟｯｸ,286,1059.0,カゴメ株式会社,4901306075517.0,ｶｺﾞﾒ 野菜生活100 ﾍﾞﾘｰｻﾗﾀﾞ 200BP,1.0,飲料,query
287,unseen,412.0,飲料 ﾊﾟｯｸ,287,1059.0,カゴメ株式会社,4901306075517.0,ｶｺﾞﾒ 野菜生活100 ﾍﾞﾘｰｻﾗﾀﾞ 200BP,1.0,飲料,query
288,unseen,412.0,飲料 ﾊﾟｯｸ,288,1059.0,カゴメ株式会社,4901306075517.0,ｶｺﾞﾒ 野菜生活100 ﾍﾞﾘｰｻﾗﾀﾞ 200BP,1.0,飲料,anchor
289,unseen,411.0,飲料 ｶﾝﾍﾟｯﾄ,289,1106.0,コカ・コーラ,4902102014281.0,CC ｺｶ･ｺｰﾗ 500CN,1.0,飲料,anchor
290,unseen,411.0,飲料 ｶﾝﾍﾟｯﾄ,290,1106.0,コカ・コーラ,4902102014281.0,CC ｺｶ･ｺｰﾗ 500CN,1.0,飲料,anchor
291,unseen,411.0,飲料 ｶﾝﾍﾟｯﾄ,291,1106.0,コカ・コーラ,4902102014281.0,CC ｺｶ･ｺｰﾗ 500CN,1.0,飲料,query
292,unseen,411.0,飲料 ｶﾝﾍﾟｯﾄ,292,1106.0,コカ・コーラ,4902102014281.0,CC ｺｶ･ｺｰﾗ 500CN,1.0,飲料,anchor
293,unseen,411.0,飲料 ｶﾝﾍﾟｯﾄ,293,1106.0,コカ・コーラ,4902102014281.0,CC ｺｶ･ｺｰﾗ 500CN,1.0,飲料,query
294,unseen,411.0,飲料 ｶﾝﾍﾟｯﾄ,294,1106.0,コカ・コーラ,4902102014281.0,CC ｺｶ･ｺｰﾗ 500CN,1.0,飲料,anchor
295,unseen,411.0,飲料 ｶﾝﾍﾟｯﾄ,295,1106.0,コカ・コーラ,4902102014281.0,CC ｺｶ･ｺｰﾗ 500CN,1.0,飲料,anchor
296,unseen,411.0,飲料 ｶﾝﾍﾟｯﾄ,296,1106.0,コカ・コーラ,4902102014281.0,CC ｺｶ･ｺｰﾗ 500CN,1.0,飲料,anchor
297,unseen,411.0,飲料 ｶﾝﾍﾟｯﾄ,297,1106.0,コカ・コーラ,4902102014281.0,CC ｺｶ･ｺｰﾗ 500CN,1.0,飲料,anchor
298,unseen,411.0,飲料 ｶﾝﾍﾟｯﾄ,298,1106.0,コカ・コーラ,4902102014281.0,CC ｺｶ･ｺｰﾗ 500CN,1.0,飲料,anchor
299,unseen,411.0,飲料 ｶﾝﾍﾟｯﾄ,299,1106.0,コカ・コーラ,4902102014281.0,CC ｺｶ･ｺｰﾗ 500CN,1.0,飲料,query
300,unseen,411.0,飲料 ｶﾝﾍﾟｯﾄ,300,1106.0,コカ・コーラ,4902102014281.0,CC ｺｶ･ｺｰﾗ 500CN,1.0,飲料,query
301,unseen,411.0,飲料 ｶﾝﾍﾟｯﾄ,301,1106.0,コカ・コーラ,4902102014281.0,CC ｺｶ･ｺｰﾗ 500CN,1.0,飲料,anchor
302,unseen,411.0,飲料 ｶﾝﾍﾟｯﾄ,302,1106.0,コカ・コーラ,4902102014281.0,CC ｺｶ･ｺｰﾗ 500CN,1.0,飲料,anchor
303,unseen,411.0,飲料 ｶﾝﾍﾟｯﾄ,303,1106.0,コカ・コーラ,4902102014281.0,CC ｺｶ･ｺｰﾗ 500CN,1.0,飲料,query
304,seen,151.0,機能性食品 常温,304,1058.0,アサヒフード&ヘルスケア株式会社,4946842527038.0,ｱｻﾋF&H ﾐﾝﾃｨｱﾌﾞﾘｰｽﾞﾌﾚｯｼｭｸﾞﾚｰﾌﾟ 30BX,3.0,菓子,query
305,seen,151.0,機能性食品 常温,305,1058.0,アサヒフード&ヘルスケア株式会社,4946842527038.0,ｱｻﾋF&H ﾐﾝﾃｨｱﾌﾞﾘｰｽﾞﾌﾚｯｼｭｸﾞﾚｰﾌﾟ 30BX,3.0,菓子,query
306,seen,151.0,機能性食品 常温,306,1058.0,アサヒフード&ヘルスケア株式会社,4946842527038.0,ｱｻﾋF&H ﾐﾝﾃｨｱﾌﾞﾘｰｽﾞﾌﾚｯｼｭｸﾞﾚｰﾌﾟ 30BX,3.0,菓子,anchor
307,seen,151.0,機能性食品 常温,307,1058.0,アサヒフード&ヘルスケア株式会社,4946842527038.0,ｱｻﾋF&H ﾐﾝﾃｨｱﾌﾞﾘｰｽﾞﾌﾚｯｼｭｸﾞﾚｰﾌﾟ 30BX,3.0,菓子,anchor
308,seen,151.0,機能性食品 常温,308,1058.0,アサヒフード&ヘルスケア株式会社,4946842527038.0,ｱｻﾋF&H ﾐﾝﾃｨｱﾌﾞﾘｰｽﾞﾌﾚｯｼｭｸﾞﾚｰﾌﾟ 30BX,3.0,菓子,anchor
309,seen,122.0,ﾁｮｺﾚｰﾄ 箱・袋 冷蔵,309,1063.0,株式会社 ブルボン,49226683.0,ﾌﾞﾙﾎﾞﾝ ﾋﾞｯﾄﾁｮｺﾚｰﾄ ｸﾗﾝﾁ 1PK,3.0,菓子,anchor
310,seen,122.0,ﾁｮｺﾚｰﾄ 箱・袋 冷蔵,310,1063.0,株式会社 ブルボン,49226683.0,ﾌﾞﾙﾎﾞﾝ ﾋﾞｯﾄﾁｮｺﾚｰﾄ ｸﾗﾝﾁ 1PK,3.0,菓子,anchor
311,seen,122.0,ﾁｮｺﾚｰﾄ 箱・袋 冷蔵,311,1063.0,株式会社 ブルボン,49226683.0,ﾌﾞﾙﾎﾞﾝ ﾋﾞｯﾄﾁｮｺﾚｰﾄ ｸﾗﾝﾁ 1PK,3.0,菓子,anchor
312,seen,122.0,ﾁｮｺﾚｰﾄ 箱・袋 冷蔵,312,1063.0,株式会社 ブルボン,49226683.0,ﾌﾞﾙﾎﾞﾝ ﾋﾞｯﾄﾁｮｺﾚｰﾄ ｸﾗﾝﾁ 1PK,3.0,菓子,query
313,seen,122.0,ﾁｮｺﾚｰﾄ 箱・袋 冷蔵,313,1063.0,株式会社 ブルボン,49226683.0,ﾌﾞﾙﾎﾞﾝ ﾋﾞｯﾄﾁｮｺﾚｰﾄ ｸﾗﾝﾁ 1PK,3.0,菓子,anchor
314,seen,412.0,飲料 ﾊﾟｯｸ,314,1060.0,株式会社 紀文,4930726100233.0,紀文 豆乳飲料 麦芽ｺｰﾋｰ 200BP,1.0,飲料,anchor
315,seen,412.0,飲料 ﾊﾟｯｸ,315,1060.0,株式会社 紀文,4930726100233.0,紀文 豆乳飲料 麦芽ｺｰﾋｰ 200BP,1.0,飲料,query
316,seen,412.0,飲料 ﾊﾟｯｸ,316,1060.0,株式会社 紀文,4930726100233.0,紀文 豆乳飲料 麦芽ｺｰﾋｰ 200BP,1.0,飲料,anchor
317,seen,412.0,飲料 ﾊﾟｯｸ,317,1060.0,株式会社 紀文,4930726100233.0,紀文 豆乳飲料 麦芽ｺｰﾋｰ 200BP,1.0,飲料,anchor
318,seen,412.0,飲料 ﾊﾟｯｸ,318,1060.0,株式会社 紀文,4930726100233.0,紀文 豆乳飲料 麦芽ｺｰﾋｰ 200BP,1.0,飲料,query
319,seen,411.0,飲料 ｶﾝﾍﾟｯﾄ,319,1078.0,サントリーフーズ株式会社,4901777292741.0,SNF ﾃﾞｶﾋﾞﾀC 240ＣＮ,5.0,栄養保健,anchor
320,seen,411.0,飲料 ｶﾝﾍﾟｯﾄ,320,1078.0,サントリーフーズ株式会社,4901777292741.0,SNF ﾃﾞｶﾋﾞﾀC 240ＣＮ,5.0,栄養保健,query
321,seen,411.0,飲料 ｶﾝﾍﾟｯﾄ,321,1078.0,サントリーフーズ株式会社,4901777292741.0,SNF ﾃﾞｶﾋﾞﾀC 240ＣＮ,5.0,栄養保健,anchor
322,seen,411.0,飲料 ｶﾝﾍﾟｯﾄ,322,1078.0,サントリーフーズ株式会社,4901777292741.0,SNF ﾃﾞｶﾋﾞﾀC 240ＣＮ,5.0,栄養保健,anchor
323,seen,411.0,飲料 ｶﾝﾍﾟｯﾄ,323,1078.0,サントリーフーズ株式会社,4901777292741.0,SNF ﾃﾞｶﾋﾞﾀC 240ＣＮ,5.0,栄養保健,anchor
324,seen,411.0,飲料 ｶﾝﾍﾟｯﾄ,324,1078.0,サントリーフーズ株式会社,4901777292741.0,SNF ﾃﾞｶﾋﾞﾀC 240ＣＮ,5.0,栄養保健,anchor
325,seen,411.0,飲料 ｶﾝﾍﾟｯﾄ,325,1078.0,サントリーフーズ株式会社,4901777292741.0,SNF ﾃﾞｶﾋﾞﾀC 240ＣＮ,5.0,栄養保健,anchor
326,seen,411.0,飲料 ｶﾝﾍﾟｯﾄ,326,1078.0,サントリーフーズ株式会社,4901777292741.0,SNF ﾃﾞｶﾋﾞﾀC 240ＣＮ,5.0,栄養保健,anchor
327,seen,411.0,飲料 ｶﾝﾍﾟｯﾄ,327,1078.0,サントリーフーズ株式会社,4901777292741.0,SNF ﾃﾞｶﾋﾞﾀC 240ＣＮ,5.0,栄養保健,query
328,seen,411.0,飲料 ｶﾝﾍﾟｯﾄ,328,1078.0,サントリーフーズ株式会社,4901777292741.0,SNF ﾃﾞｶﾋﾞﾀC 240ＣＮ,5.0,栄養保健,query
329,seen,411.0,飲料 ｶﾝﾍﾟｯﾄ,329,1078.0,サントリーフーズ株式会社,4901777292741.0,SNF ﾃﾞｶﾋﾞﾀC 240ＣＮ,5.0,栄養保健,anchor
330,seen,411.0,飲料 ｶﾝﾍﾟｯﾄ,330,1078.0,サントリーフーズ株式会社,4901777292741.0,SNF ﾃﾞｶﾋﾞﾀC 240ＣＮ,5.0,栄養保健,anchor
331,seen,411.0,飲料 ｶﾝﾍﾟｯﾄ,331,1078.0,サントリーフーズ株式会社,4901777292741.0,SNF ﾃﾞｶﾋﾞﾀC 240ＣＮ,5.0,栄養保健,anchor
332,seen,411.0,飲料 ｶﾝﾍﾟｯﾄ,332,1078.0,サントリーフーズ株式会社,4901777292741.0,SNF ﾃﾞｶﾋﾞﾀC 240ＣＮ,5.0,栄養保健,anchor
333,seen,411.0,飲料 ｶﾝﾍﾟｯﾄ,333,1078.0,サントリーフーズ株式会社,4901777292741.0,SNF ﾃﾞｶﾋﾞﾀC 240ＣＮ,5.0,栄養保健,anchor
334,seen,411.0,飲料 ｶﾝﾍﾟｯﾄ,334,1032.0,ＵＣＣ上島珈琲株式会社,4901201127175.0,UCC ﾌﾞﾚﾝﾄﾞｺｰﾋｰ 華やぐ微糖 260BC,1.0,飲料,query
335,seen,411.0,飲料 ｶﾝﾍﾟｯﾄ,335,1032.0,ＵＣＣ上島珈琲株式会社,4901201127175.0,UCC ﾌﾞﾚﾝﾄﾞｺｰﾋｰ 華やぐ微糖 260BC,1.0,飲料,query
336,seen,411.0,飲料 ｶﾝﾍﾟｯﾄ,336,1032.0,ＵＣＣ上島珈琲株式会社,4901201127175.0,UCC ﾌﾞﾚﾝﾄﾞｺｰﾋｰ 華やぐ微糖 260BC,1.0,飲料,query
337,seen,411.0,飲料 ｶﾝﾍﾟｯﾄ,337,1032.0,ＵＣＣ上島珈琲株式会社,4901201127175.0,UCC ﾌﾞﾚﾝﾄﾞｺｰﾋｰ 華やぐ微糖 260BC,1.0,飲料,anchor
338,seen,411.0,飲料 ｶﾝﾍﾟｯﾄ,338,1032.0,ＵＣＣ上島珈琲株式会社,4901201127175.0,UCC ﾌﾞﾚﾝﾄﾞｺｰﾋｰ 華やぐ微糖 260BC,1.0,飲料,anchor
339,seen,411.0,飲料 ｶﾝﾍﾟｯﾄ,339,1032.0,ＵＣＣ上島珈琲株式会社,4901201127175.0,UCC ﾌﾞﾚﾝﾄﾞｺｰﾋｰ 華やぐ微糖 260BC,1.0,飲料,anchor
340,seen,411.0,飲料 ｶﾝﾍﾟｯﾄ,340,1032.0,ＵＣＣ上島珈琲株式会社,4901201127175.0,UCC ﾌﾞﾚﾝﾄﾞｺｰﾋｰ 華やぐ微糖 260BC,1.0,飲料,anchor
341,seen,411.0,飲料 ｶﾝﾍﾟｯﾄ,341,1032.0,ＵＣＣ上島珈琲株式会社,4901201127175.0,UCC ﾌﾞﾚﾝﾄﾞｺｰﾋｰ 華やぐ微糖 260BC,1.0,飲料,anchor
342,seen,411.0,飲料 ｶﾝﾍﾟｯﾄ,342,1032.0,ＵＣＣ上島珈琲株式会社,4901201127175.0,UCC ﾌﾞﾚﾝﾄﾞｺｰﾋｰ 華やぐ微糖 260BC,1.0,飲料,anchor
343,seen,411.0,飲料 ｶﾝﾍﾟｯﾄ,343,1032.0,ＵＣＣ上島珈琲株式会社,4901201127175.0,UCC ﾌﾞﾚﾝﾄﾞｺｰﾋｰ 華やぐ微糖 260BC,1.0,飲料,query
344,seen,411.0,飲料 ｶﾝﾍﾟｯﾄ,344,1032.0,ＵＣＣ上島珈琲株式会社,4901201127175.0,UCC ﾌﾞﾚﾝﾄﾞｺｰﾋｰ 華やぐ微糖 260BC,1.0,飲料,anchor
345,seen,411.0,飲料 ｶﾝﾍﾟｯﾄ,345,1032.0,ＵＣＣ上島珈琲株式会社,4901201127175.0,UCC ﾌﾞﾚﾝﾄﾞｺｰﾋｰ 華やぐ微糖 260BC,1.0,飲料,anchor
346,seen,411.0,飲料 ｶﾝﾍﾟｯﾄ,346,1032.0,ＵＣＣ上島珈琲株式会社,4901201127175.0,UCC ﾌﾞﾚﾝﾄﾞｺｰﾋｰ 華やぐ微糖 260BC,1.0,飲料,anchor
347,seen,411.0,飲料 ｶﾝﾍﾟｯﾄ,347,1032.0,ＵＣＣ上島珈琲株式会社,4901201127175.0,UCC ﾌﾞﾚﾝﾄﾞｺｰﾋｰ 華やぐ微糖 260BC,1.0,飲料,anchor
348,seen,411.0,飲料 ｶﾝﾍﾟｯﾄ,348,1032.0,ＵＣＣ上島珈琲株式会社,4901201127175.0,UCC ﾌﾞﾚﾝﾄﾞｺｰﾋｰ 華やぐ微糖 260BC,1.0,飲料,anchor
349,unseen,412.0,飲料 ﾊﾟｯｸ,349,1059.0,カゴメ株式会社,4901306072851.0,ｶｺﾞﾒ 野菜生活100 ﾋﾟｰﾙ・ﾊｰﾌﾞ 200BP,1.0,飲料,anchor
350,unseen,412.0,飲料 ﾊﾟｯｸ,350,1059.0,カゴメ株式会社,4901306072851.0,ｶｺﾞﾒ 野菜生活100 ﾋﾟｰﾙ・ﾊｰﾌﾞ 200BP,1.0,飲料,query
351,unseen,412.0,飲料 ﾊﾟｯｸ,351,1059.0,カゴメ株式会社,4901306072851.0,ｶｺﾞﾒ 野菜生活100 ﾋﾟｰﾙ・ﾊｰﾌﾞ 200BP,1.0,飲料,anchor
352,unseen,412.0,飲料 ﾊﾟｯｸ,352,1059.0,カゴメ株式会社,4901306072851.0,ｶｺﾞﾒ 野菜生活100 ﾋﾟｰﾙ・ﾊｰﾌﾞ 200BP,1.0,飲料,query
353,unseen,412.0,飲料 ﾊﾟｯｸ,353,1059.0,カゴメ株式会社,4901306072851.0,ｶｺﾞﾒ 野菜生活100 ﾋﾟｰﾙ・ﾊｰﾌﾞ 200BP,1.0,飲料,query
354,seen,211.0,ｶｯﾌﾟﾒﾝ 縦,354,1003.0,日清食品株式会社,49698626.0,日清食品 ｶｯﾌﾟﾇｰﾄﾞﾙ 77CP,2.0,食品,query
355,seen,211.0,ｶｯﾌﾟﾒﾝ 縦,355,1003.0,日清食品株式会社,49698626.0,日清食品 ｶｯﾌﾟﾇｰﾄﾞﾙ 77CP,2.0,食品,query
356,seen,211.0,ｶｯﾌﾟﾒﾝ 縦,356,1003.0,日清食品株式会社,49698626.0,日清食品 ｶｯﾌﾟﾇｰﾄﾞﾙ 77CP,2.0,食品,anchor
357,seen,211.0,ｶｯﾌﾟﾒﾝ 縦,357,1003.0,日清食品株式会社,49698626.0,日清食品 ｶｯﾌﾟﾇｰﾄﾞﾙ 77CP,2.0,食品,query
358,seen,211.0,ｶｯﾌﾟﾒﾝ 縦,358,1003.0,日清食品株式会社,49698626.0,日清食品 ｶｯﾌﾟﾇｰﾄﾞﾙ 77CP,2.0,食品,anchor
359,seen,211.0,ｶｯﾌﾟﾒﾝ 縦,359,1003.0,日清食品株式会社,49698626.0,日清食品 ｶｯﾌﾟﾇｰﾄﾞﾙ 77CP,2.0,食品,anchor
360,seen,211.0,ｶｯﾌﾟﾒﾝ 縦,360,1003.0,日清食品株式会社,49698626.0,日清食品 ｶｯﾌﾟﾇｰﾄﾞﾙ 77CP,2.0,食品,anchor
361,seen,211.0,ｶｯﾌﾟﾒﾝ 縦,361,1003.0,日清食品株式会社,49698626.0,日清食品 ｶｯﾌﾟﾇｰﾄﾞﾙ 77CP,2.0,食品,anchor
362,seen,211.0,ｶｯﾌﾟﾒﾝ 縦,362,1003.0,日清食品株式会社,49698626.0,日清食品 ｶｯﾌﾟﾇｰﾄﾞﾙ 77CP,2.0,食品,query
363,seen,211.0,ｶｯﾌﾟﾒﾝ 縦,363,1003.0,日清食品株式会社,49698626.0,日清食品 ｶｯﾌﾟﾇｰﾄﾞﾙ 77CP,2.0,食品,query
364,seen,211.0,ｶｯﾌﾟﾒﾝ 縦,364,1003.0,日清食品株式会社,49698626.0,日清食品 ｶｯﾌﾟﾇｰﾄﾞﾙ 77CP,2.0,食品,anchor
365,seen,211.0,ｶｯﾌﾟﾒﾝ 縦,365,1003.0,日清食品株式会社,49698626.0,日清食品 ｶｯﾌﾟﾇｰﾄﾞﾙ 77CP,2.0,食品,anchor
366,seen,211.0,ｶｯﾌﾟﾒﾝ 縦,366,1003.0,日清食品株式会社,49698626.0,日清食品 ｶｯﾌﾟﾇｰﾄﾞﾙ 77CP,2.0,食品,anchor
367,seen,211.0,ｶｯﾌﾟﾒﾝ 縦,367,1003.0,日清食品株式会社,49698626.0,日清食品 ｶｯﾌﾟﾇｰﾄﾞﾙ 77CP,2.0,食品,query
368,seen,211.0,ｶｯﾌﾟﾒﾝ 縦,368,1003.0,日清食品株式会社,49698626.0,日清食品 ｶｯﾌﾟﾇｰﾄﾞﾙ 77CP,2.0,食品,anchor
369,seen,211.0,ｶｯﾌﾟﾒﾝ 縦,369,1003.0,日清食品株式会社,49698626.0,日清食品 ｶｯﾌﾟﾇｰﾄﾞﾙ 77CP,2.0,食品,anchor
370,seen,211.0,ｶｯﾌﾟﾒﾝ 縦,370,1003.0,日清食品株式会社,49698626.0,日清食品 ｶｯﾌﾟﾇｰﾄﾞﾙ 77CP,2.0,食品,query
371,seen,211.0,ｶｯﾌﾟﾒﾝ 縦,371,1003.0,日清食品株式会社,49698626.0,日清食品 ｶｯﾌﾟﾇｰﾄﾞﾙ 77CP,2.0,食品,anchor
372,seen,211.0,ｶｯﾌﾟﾒﾝ 縦,372,1003.0,日清食品株式会社,49698626.0,日清食品 ｶｯﾌﾟﾇｰﾄﾞﾙ 77CP,2.0,食品,query
373,seen,211.0,ｶｯﾌﾟﾒﾝ 縦,373,1003.0,日清食品株式会社,49698626.0,日清食品 ｶｯﾌﾟﾇｰﾄﾞﾙ 77CP,2.0,食品,query
374,seen,211.0,ｶｯﾌﾟﾒﾝ 縦,374,1003.0,日清食品株式会社,49698626.0,日清食品 ｶｯﾌﾟﾇｰﾄﾞﾙ 77CP,2.0,食品,anchor
375,seen,211.0,ｶｯﾌﾟﾒﾝ 縦,375,1003.0,日清食品株式会社,49698626.0,日清食品 ｶｯﾌﾟﾇｰﾄﾞﾙ 77CP,2.0,食品,query
376,seen,122.0,ﾁｮｺﾚｰﾄ 箱・袋 冷蔵,376,1018.0,株式会社 明治,45173639.0,明治 ｱﾎﾟﾛ,3.0,菓子,anchor
377,seen,122.0,ﾁｮｺﾚｰﾄ 箱・袋 冷蔵,377,1018.0,株式会社 明治,45173639.0,明治 ｱﾎﾟﾛ,3.0,菓子,query
378,seen,122.0,ﾁｮｺﾚｰﾄ 箱・袋 冷蔵,378,1018.0,株式会社 明治,45173639.0,明治 ｱﾎﾟﾛ,3.0,菓子,query
379,seen,122.0,ﾁｮｺﾚｰﾄ 箱・袋 冷蔵,379,1018.0,株式会社 明治,45173639.0,明治 ｱﾎﾟﾛ,3.0,菓子,anchor
380,seen,122.0,ﾁｮｺﾚｰﾄ 箱・袋 冷蔵,380,1018.0,株式会社 明治,45173639.0,明治 ｱﾎﾟﾛ,3.0,菓子,anchor
381,seen,122.0,ﾁｮｺﾚｰﾄ 箱・袋 冷蔵,381,1017.0,株式会社 ロッテ,4903333062508.0,ﾛｯﾃ ｸﾗﾝｷｰｱｰﾓﾝﾄﾞﾁｮｺﾚｰﾄ 37BX,3.0,菓子,anchor
382,seen,122.0,ﾁｮｺﾚｰﾄ 箱・袋 冷蔵,382,1017.0,株式会社 ロッテ,4903333062508.0,ﾛｯﾃ ｸﾗﾝｷｰｱｰﾓﾝﾄﾞﾁｮｺﾚｰﾄ 37BX,3.0,菓子,anchor
383,seen,122.0,ﾁｮｺﾚｰﾄ 箱・袋 冷蔵,383,1017.0,株式会社 ロッテ,4903333062508.0,ﾛｯﾃ ｸﾗﾝｷｰｱｰﾓﾝﾄﾞﾁｮｺﾚｰﾄ 37BX,3.0,菓子,query
384,seen,122.0,ﾁｮｺﾚｰﾄ 箱・袋 冷蔵,384,1017.0,株式会社 ロッテ,4903333062508.0,ﾛｯﾃ ｸﾗﾝｷｰｱｰﾓﾝﾄﾞﾁｮｺﾚｰﾄ 37BX,3.0,菓子,query
385,seen,122.0,ﾁｮｺﾚｰﾄ 箱・袋 冷蔵,385,1017.0,株式会社 ロッテ,4903333062508.0,ﾛｯﾃ ｸﾗﾝｷｰｱｰﾓﾝﾄﾞﾁｮｺﾚｰﾄ 37BX,3.0,菓子,anchor
386,seen,101.0,ｶﾞﾑ･飴･ｸﾞﾐ,386,1018.0,株式会社 明治,49770384.0,明治 キシリッシュ　ハイパークール,3.0,菓子,query
387,seen,101.0,ｶﾞﾑ･飴･ｸﾞﾐ,387,1018.0,株式会社 明治,49770384.0,明治 キシリッシュ　ハイパークール,3.0,菓子,anchor
388,seen,101.0,ｶﾞﾑ･飴･ｸﾞﾐ,388,1018.0,株式会社 明治,49770384.0,明治 キシリッシュ　ハイパークール,3.0,菓子,anchor
389,seen,101.0,ｶﾞﾑ･飴･ｸﾞﾐ,389,1018.0,株式会社 明治,49770384.0,明治 キシリッシュ　ハイパークール,3.0,菓子,anchor
390,seen,101.0,ｶﾞﾑ･飴･ｸﾞﾐ,390,1018.0,株式会社 明治,49770384.0,明治 キシリッシュ　ハイパークール,3.0,菓子,anchor
391,seen,411.0,飲料 ｶﾝﾍﾟｯﾄ,391,1106.0,コカ・コーラ,4902102128322.0,CC ご褒美 ｶﾌｪｵﾚ 500BC,1.0,飲料,anchor
392,seen,411.0,飲料 ｶﾝﾍﾟｯﾄ,392,1106.0,コカ・コーラ,4902102128322.0,CC ご褒美 ｶﾌｪｵﾚ 500BC,1.0,飲料,anchor
393,seen,411.0,飲料 ｶﾝﾍﾟｯﾄ,393,1106.0,コカ・コーラ,4902102128322.0,CC ご褒美 ｶﾌｪｵﾚ 500BC,1.0,飲料,anchor
394,seen,411.0,飲料 ｶﾝﾍﾟｯﾄ,394,1106.0,コカ・コーラ,4902102128322.0,CC ご褒美 ｶﾌｪｵﾚ 500BC,1.0,飲料,anchor
395,seen,411.0,飲料 ｶﾝﾍﾟｯﾄ,395,1106.0,コカ・コーラ,4902102128322.0,CC ご褒美 ｶﾌｪｵﾚ 500BC,1.0,飲料,query
396,seen,411.0,飲料 ｶﾝﾍﾟｯﾄ,396,1106.0,コカ・コーラ,4902102128322.0,CC ご褒美 ｶﾌｪｵﾚ 500BC,1.0,飲料,query
397,seen,411.0,飲料 ｶﾝﾍﾟｯﾄ,397,1106.0,コカ・コーラ,4902102128322.0,CC ご褒美 ｶﾌｪｵﾚ 500BC,1.0,飲料,anchor
398,seen,411.0,飲料 ｶﾝﾍﾟｯﾄ,398,1106.0,コカ・コーラ,4902102128322.0,CC ご褒美 ｶﾌｪｵﾚ 500BC,1.0,飲料,anchor
399,seen,411.0,飲料 ｶﾝﾍﾟｯﾄ,399,1106.0,コカ・コーラ,4902102128322.0,CC ご褒美 ｶﾌｪｵﾚ 500BC,1.0,飲料,anchor
400,seen,411.0,飲料 ｶﾝﾍﾟｯﾄ,400,1106.0,コカ・コーラ,4902102128322.0,CC ご褒美 ｶﾌｪｵﾚ 500BC,1.0,飲料,query
401,seen,411.0,飲料 ｶﾝﾍﾟｯﾄ,401,1106.0,コカ・コーラ,4902102128322.0,CC ご褒美 ｶﾌｪｵﾚ 500BC,1.0,飲料,anchor
402,seen,411.0,飲料 ｶﾝﾍﾟｯﾄ,402,1106.0,コカ・コーラ,4902102128322.0,CC ご褒美 ｶﾌｪｵﾚ 500BC,1.0,飲料,query
403,seen,411.0,飲料 ｶﾝﾍﾟｯﾄ,403,1106.0,コカ・コーラ,4902102128322.0,CC ご褒美 ｶﾌｪｵﾚ 500BC,1.0,飲料,anchor
404,seen,411.0,飲料 ｶﾝﾍﾟｯﾄ,404,1106.0,コカ・コーラ,4902102128322.0,CC ご褒美 ｶﾌｪｵﾚ 500BC,1.0,飲料,anchor
405,seen,411.0,飲料 ｶﾝﾍﾟｯﾄ,405,1106.0,コカ・コーラ,4902102128322.0,CC ご褒美 ｶﾌｪｵﾚ 500BC,1.0,飲料,anchor
406,seen,411.0,飲料 ｶﾝﾍﾟｯﾄ,406,1106.0,コカ・コーラ,4902102128322.0,CC ご褒美 ｶﾌｪｵﾚ 500BC,1.0,飲料,anchor
407,seen,123.0,ﾁｮｺﾚｰﾄ ﾊﾞﾗ 冷蔵,407,1054.0,森永製菓株式会社,4902888208744.0,森永 ｴﾝｾﾞﾙﾊﾟｲ 1PK,3.0,菓子,anchor
408,seen,123.0,ﾁｮｺﾚｰﾄ ﾊﾞﾗ 冷蔵,408,1054.0,森永製菓株式会社,4902888208744.0,森永 ｴﾝｾﾞﾙﾊﾟｲ 1PK,3.0,菓子,anchor
409,seen,123.0,ﾁｮｺﾚｰﾄ ﾊﾞﾗ 冷蔵,409,1054.0,森永製菓株式会社,4902888208744.0,森永 ｴﾝｾﾞﾙﾊﾟｲ 1PK,3.0,菓子,query
410,seen,123.0,ﾁｮｺﾚｰﾄ ﾊﾞﾗ 冷蔵,410,1054.0,森永製菓株式会社,4902888208744.0,森永 ｴﾝｾﾞﾙﾊﾟｲ 1PK,3.0,菓子,anchor
411,seen,123.0,ﾁｮｺﾚｰﾄ ﾊﾞﾗ 冷蔵,411,1054.0,森永製菓株式会社,4902888208744.0,森永 ｴﾝｾﾞﾙﾊﾟｲ 1PK,3.0,菓子,anchor
412,seen,123.0,ﾁｮｺﾚｰﾄ ﾊﾞﾗ 冷蔵,412,1054.0,森永製菓株式会社,4902888208744.0,森永 ｴﾝｾﾞﾙﾊﾟｲ 1PK,3.0,菓子,anchor
413,unseen,122.0,ﾁｮｺﾚｰﾄ 箱・袋 冷蔵,413,1017.0,株式会社 ロッテ,4903333078363.0,ﾛｯﾃ ﾄｯﾎﾟ  72BX,3.0,菓子,anchor
414,unseen,122.0,ﾁｮｺﾚｰﾄ 箱・袋 冷蔵,414,1017.0,株式会社 ロッテ,4903333078363.0,ﾛｯﾃ ﾄｯﾎﾟ  72BX,3.0,菓子,anchor
415,unseen,122.0,ﾁｮｺﾚｰﾄ 箱・袋 冷蔵,415,1017.0,株式会社 ロッテ,4903333078363.0,ﾛｯﾃ ﾄｯﾎﾟ  72BX,3.0,菓子,anchor
416,unseen,122.0,ﾁｮｺﾚｰﾄ 箱・袋 冷蔵,416,1017.0,株式会社 ロッテ,4903333078363.0,ﾛｯﾃ ﾄｯﾎﾟ  72BX,3.0,菓子,anchor
417,unseen,122.0,ﾁｮｺﾚｰﾄ 箱・袋 冷蔵,417,1017.0,株式会社 ロッテ,4903333078363.0,ﾛｯﾃ ﾄｯﾎﾟ  72BX,3.0,菓子,anchor
418,seen,412.0,飲料 ﾊﾟｯｸ,418,1060.0,株式会社 紀文,4930726100479.0,紀文 豆乳飲料 ココア200BP,1.0,飲料,query
419,seen,412.0,飲料 ﾊﾟｯｸ,419,1060.0,株式会社 紀文,4930726100479.0,紀文 豆乳飲料 ココア200BP,1.0,飲料,query
420,seen,412.0,飲料 ﾊﾟｯｸ,420,1060.0,株式会社 紀文,4930726100479.0,紀文 豆乳飲料 ココア200BP,1.0,飲料,anchor
421,seen,412.0,飲料 ﾊﾟｯｸ,421,1060.0,株式会社 紀文,4930726100479.0,紀文 豆乳飲料 ココア200BP,1.0,飲料,anchor
422,seen,412.0,飲料 ﾊﾟｯｸ,422,1060.0,株式会社 紀文,4930726100479.0,紀文 豆乳飲料 ココア200BP,1.0,飲料,anchor
423,seen,411.0,飲料 ｶﾝﾍﾟｯﾄ,423,1106.0,コカ・コーラ,4902102084178.0,CC ｺｶ･ｺｰﾗｾﾞﾛ 500PT,1.0,飲料,query
424,seen,411.0,飲料 ｶﾝﾍﾟｯﾄ,424,1106.0,コカ・コーラ,4902102084178.0,CC ｺｶ･ｺｰﾗｾﾞﾛ 500PT,1.0,飲料,query
425,seen,411.0,飲料 ｶﾝﾍﾟｯﾄ,425,1106.0,コカ・コーラ,4902102084178.0,CC ｺｶ･ｺｰﾗｾﾞﾛ 500PT,1.0,飲料,anchor
426,seen,411.0,飲料 ｶﾝﾍﾟｯﾄ,426,1106.0,コカ・コーラ,4902102084178.0,CC ｺｶ･ｺｰﾗｾﾞﾛ 500PT,1.0,飲料,query
427,seen,411.0,飲料 ｶﾝﾍﾟｯﾄ,427,1106.0,コカ・コーラ,4902102084178.0,CC ｺｶ･ｺｰﾗｾﾞﾛ 500PT,1.0,飲料,anchor
428,seen,411.0,飲料 ｶﾝﾍﾟｯﾄ,428,1106.0,コカ・コーラ,4902102084178.0,CC ｺｶ･ｺｰﾗｾﾞﾛ 500PT,1.0,飲料,query
429,seen,411.0,飲料 ｶﾝﾍﾟｯﾄ,429,1106.0,コカ・コーラ,4902102084178.0,CC ｺｶ･ｺｰﾗｾﾞﾛ 500PT,1.0,飲料,anchor
430,seen,411.0,飲料 ｶﾝﾍﾟｯﾄ,430,1106.0,コカ・コーラ,4902102084178.0,CC ｺｶ･ｺｰﾗｾﾞﾛ 500PT,1.0,飲料,anchor
431,seen,411.0,飲料 ｶﾝﾍﾟｯﾄ,431,1106.0,コカ・コーラ,4902102084178.0,CC ｺｶ･ｺｰﾗｾﾞﾛ 500PT,1.0,飲料,anchor
432,seen,411.0,飲料 ｶﾝﾍﾟｯﾄ,432,1106.0,コカ・コーラ,4902102084178.0,CC ｺｶ･ｺｰﾗｾﾞﾛ 500PT,1.0,飲料,anchor
433,seen,411.0,飲料 ｶﾝﾍﾟｯﾄ,433,1106.0,コカ・コーラ,4902102084178.0,CC ｺｶ･ｺｰﾗｾﾞﾛ 500PT,1.0,飲料,anchor
434,seen,411.0,飲料 ｶﾝﾍﾟｯﾄ,434,1106.0,コカ・コーラ,4902102084178.0,CC ｺｶ･ｺｰﾗｾﾞﾛ 500PT,1.0,飲料,anchor
435,seen,411.0,飲料 ｶﾝﾍﾟｯﾄ,435,1106.0,コカ・コーラ,4902102084178.0,CC ｺｶ･ｺｰﾗｾﾞﾛ 500PT,1.0,飲料,anchor
436,seen,411.0,飲料 ｶﾝﾍﾟｯﾄ,436,1106.0,コカ・コーラ,4902102084178.0,CC ｺｶ･ｺｰﾗｾﾞﾛ 500PT,1.0,飲料,anchor
437,seen,411.0,飲料 ｶﾝﾍﾟｯﾄ,437,1106.0,コカ・コーラ,4902102084178.0,CC ｺｶ･ｺｰﾗｾﾞﾛ 500PT,1.0,飲料,anchor
438,seen,411.0,飲料 ｶﾝﾍﾟｯﾄ,438,1106.0,コカ・コーラ,4902102069359.0,CC ｱｸｴﾘｱｽ500p,1.0,飲料,anchor
439,seen,411.0,飲料 ｶﾝﾍﾟｯﾄ,439,1106.0,コカ・コーラ,4902102069359.0,CC ｱｸｴﾘｱｽ500p,1.0,飲料,anchor
440,seen,411.0,飲料 ｶﾝﾍﾟｯﾄ,440,1106.0,コカ・コーラ,4902102069359.0,CC ｱｸｴﾘｱｽ500p,1.0,飲料,anchor
441,seen,411.0,飲料 ｶﾝﾍﾟｯﾄ,441,1106.0,コカ・コーラ,4902102069359.0,CC ｱｸｴﾘｱｽ500p,1.0,飲料,anchor
442,seen,411.0,飲料 ｶﾝﾍﾟｯﾄ,442,1106.0,コカ・コーラ,4902102069359.0,CC ｱｸｴﾘｱｽ500p,1.0,飲料,query
443,seen,411.0,飲料 ｶﾝﾍﾟｯﾄ,443,1106.0,コカ・コーラ,4902102069359.0,CC ｱｸｴﾘｱｽ500p,1.0,飲料,anchor
444,seen,411.0,飲料 ｶﾝﾍﾟｯﾄ,444,1106.0,コカ・コーラ,4902102069359.0,CC ｱｸｴﾘｱｽ500p,1.0,飲料,anchor
445,seen,411.0,飲料 ｶﾝﾍﾟｯﾄ,445,1106.0,コカ・コーラ,4902102069359.0,CC ｱｸｴﾘｱｽ500p,1.0,飲料,query
446,seen,411.0,飲料 ｶﾝﾍﾟｯﾄ,446,1106.0,コカ・コーラ,4902102069359.0,CC ｱｸｴﾘｱｽ500p,1.0,飲料,query
447,seen,411.0,飲料 ｶﾝﾍﾟｯﾄ,447,1106.0,コカ・コーラ,4902102069359.0,CC ｱｸｴﾘｱｽ500p,1.0,飲料,anchor
448,seen,411.0,飲料 ｶﾝﾍﾟｯﾄ,448,1106.0,コカ・コーラ,4902102069359.0,CC ｱｸｴﾘｱｽ500p,1.0,飲料,query
449,seen,411.0,飲料 ｶﾝﾍﾟｯﾄ,449,1106.0,コカ・コーラ,4902102069359.0,CC ｱｸｴﾘｱｽ500p,1.0,飲料,anchor
450,seen,411.0,飲料 ｶﾝﾍﾟｯﾄ,450,1106.0,コカ・コーラ,4902102069359.0,CC ｱｸｴﾘｱｽ500p,1.0,飲料,anchor
451,seen,411.0,飲料 ｶﾝﾍﾟｯﾄ,451,1106.0,コカ・コーラ,4902102069359.0,CC ｱｸｴﾘｱｽ500p,1.0,飲料,anchor
452,seen,411.0,飲料 ｶﾝﾍﾟｯﾄ,452,1106.0,コカ・コーラ,4902102069359.0,CC ｱｸｴﾘｱｽ500p,1.0,飲料,anchor
453,seen,411.0,飲料 ｶﾝﾍﾟｯﾄ,453,1106.0,コカ・コーラ,4902102069359.0,CC ｱｸｴﾘｱｽ500p,1.0,飲料,anchor
454,seen,411.0,飲料 ｶﾝﾍﾟｯﾄ,454,1106.0,コカ・コーラ,4902102069359.0,CC ｱｸｴﾘｱｽ500p,1.0,飲料,query
455,seen,122.0,ﾁｮｺﾚｰﾄ 箱・袋 冷蔵,455,1028.0,マースジャパン,4902397840558.0,ﾏｰｽ M&M ﾐﾙｸﾁｮｺﾚｰﾄ 40PK,3.0,菓子,query
456,seen,122.0,ﾁｮｺﾚｰﾄ 箱・袋 冷蔵,456,1028.0,マースジャパン,4902397840558.0,ﾏｰｽ M&M ﾐﾙｸﾁｮｺﾚｰﾄ 40PK,3.0,菓子,anchor
457,seen,122.0,ﾁｮｺﾚｰﾄ 箱・袋 冷蔵,457,1028.0,マースジャパン,4902397840558.0,ﾏｰｽ M&M ﾐﾙｸﾁｮｺﾚｰﾄ 40PK,3.0,菓子,anchor
458,seen,122.0,ﾁｮｺﾚｰﾄ 箱・袋 冷蔵,458,1028.0,マースジャパン,4902397840558.0,ﾏｰｽ M&M ﾐﾙｸﾁｮｺﾚｰﾄ 40PK,3.0,菓子,anchor
459,seen,122.0,ﾁｮｺﾚｰﾄ 箱・袋 冷蔵,459,1028.0,マースジャパン,4902397840558.0,ﾏｰｽ M&M ﾐﾙｸﾁｮｺﾚｰﾄ 40PK,3.0,菓子,anchor
460,unseen,122.0,ﾁｮｺﾚｰﾄ 箱・袋 冷蔵,460,1028.0,マースジャパン,4902397840572.0,ﾏｰｽ M&M ｱｰﾓﾝﾄﾞ 37PK,3.0,菓子,anchor
461,unseen,122.0,ﾁｮｺﾚｰﾄ 箱・袋 冷蔵,461,1028.0,マースジャパン,4902397840572.0,ﾏｰｽ M&M ｱｰﾓﾝﾄﾞ 37PK,3.0,菓子,query
462,unseen,122.0,ﾁｮｺﾚｰﾄ 箱・袋 冷蔵,462,1028.0,マースジャパン,4902397840572.0,ﾏｰｽ M&M ｱｰﾓﾝﾄﾞ 37PK,3.0,菓子,anchor
463,unseen,122.0,ﾁｮｺﾚｰﾄ 箱・袋 冷蔵,463,1028.0,マースジャパン,4902397840572.0,ﾏｰｽ M&M ｱｰﾓﾝﾄﾞ 37PK,3.0,菓子,anchor
464,unseen,122.0,ﾁｮｺﾚｰﾄ 箱・袋 冷蔵,464,1028.0,マースジャパン,4902397840572.0,ﾏｰｽ M&M ｱｰﾓﾝﾄﾞ 37PK,3.0,菓子,anchor
465,seen,414.0,飲料 ﾄﾞﾘﾝｸ･ﾊﾟｳﾁ,465,1062.0,ポッカサッポロフード＆ビバレッジ株式会社,49780741.0,ﾎﾟｯｶｻｯﾎﾟﾛ ｷﾚｰﾄﾚﾓﾝ 155BN,5.0,栄養保健,anchor
466,seen,414.0,飲料 ﾄﾞﾘﾝｸ･ﾊﾟｳﾁ,466,1062.0,ポッカサッポロフード＆ビバレッジ株式会社,49780741.0,ﾎﾟｯｶｻｯﾎﾟﾛ ｷﾚｰﾄﾚﾓﾝ 155BN,5.0,栄養保健,query
467,seen,414.0,飲料 ﾄﾞﾘﾝｸ･ﾊﾟｳﾁ,467,1062.0,ポッカサッポロフード＆ビバレッジ株式会社,49780741.0,ﾎﾟｯｶｻｯﾎﾟﾛ ｷﾚｰﾄﾚﾓﾝ 155BN,5.0,栄養保健,anchor
468,seen,414.0,飲料 ﾄﾞﾘﾝｸ･ﾊﾟｳﾁ,468,1062.0,ポッカサッポロフード＆ビバレッジ株式会社,49780741.0,ﾎﾟｯｶｻｯﾎﾟﾛ ｷﾚｰﾄﾚﾓﾝ 155BN,5.0,栄養保健,query
469,seen,414.0,飲料 ﾄﾞﾘﾝｸ･ﾊﾟｳﾁ,469,1062.0,ポッカサッポロフード＆ビバレッジ株式会社,49780741.0,ﾎﾟｯｶｻｯﾎﾟﾛ ｷﾚｰﾄﾚﾓﾝ 155BN,5.0,栄養保健,anchor
470,seen,414.0,飲料 ﾄﾞﾘﾝｸ･ﾊﾟｳﾁ,470,1062.0,ポッカサッポロフード＆ビバレッジ株式会社,49780741.0,ﾎﾟｯｶｻｯﾎﾟﾛ ｷﾚｰﾄﾚﾓﾝ 155BN,5.0,栄養保健,anchor
471,seen,414.0,飲料 ﾄﾞﾘﾝｸ･ﾊﾟｳﾁ,471,1062.0,ポッカサッポロフード＆ビバレッジ株式会社,49780741.0,ﾎﾟｯｶｻｯﾎﾟﾛ ｷﾚｰﾄﾚﾓﾝ 155BN,5.0,栄養保健,query
472,seen,414.0,飲料 ﾄﾞﾘﾝｸ･ﾊﾟｳﾁ,472,1062.0,ポッカサッポロフード＆ビバレッジ株式会社,49780741.0,ﾎﾟｯｶｻｯﾎﾟﾛ ｷﾚｰﾄﾚﾓﾝ 155BN,5.0,栄養保健,anchor
473,seen,414.0,飲料 ﾄﾞﾘﾝｸ･ﾊﾟｳﾁ,473,1062.0,ポッカサッポロフード＆ビバレッジ株式会社,49780741.0,ﾎﾟｯｶｻｯﾎﾟﾛ ｷﾚｰﾄﾚﾓﾝ 155BN,5.0,栄養保健,anchor
474,seen,414.0,飲料 ﾄﾞﾘﾝｸ･ﾊﾟｳﾁ,474,1062.0,ポッカサッポロフード＆ビバレッジ株式会社,49780741.0,ﾎﾟｯｶｻｯﾎﾟﾛ ｷﾚｰﾄﾚﾓﾝ 155BN,5.0,栄養保健,anchor
475,seen,414.0,飲料 ﾄﾞﾘﾝｸ･ﾊﾟｳﾁ,475,1062.0,ポッカサッポロフード＆ビバレッジ株式会社,49780741.0,ﾎﾟｯｶｻｯﾎﾟﾛ ｷﾚｰﾄﾚﾓﾝ 155BN,5.0,栄養保健,anchor
476,seen,414.0,飲料 ﾄﾞﾘﾝｸ･ﾊﾟｳﾁ,476,1062.0,ポッカサッポロフード＆ビバレッジ株式会社,49780741.0,ﾎﾟｯｶｻｯﾎﾟﾛ ｷﾚｰﾄﾚﾓﾝ 155BN,5.0,栄養保健,query
477,seen,414.0,飲料 ﾄﾞﾘﾝｸ･ﾊﾟｳﾁ,477,1062.0,ポッカサッポロフード＆ビバレッジ株式会社,49780741.0,ﾎﾟｯｶｻｯﾎﾟﾛ ｷﾚｰﾄﾚﾓﾝ 155BN,5.0,栄養保健,anchor
478,seen,414.0,飲料 ﾄﾞﾘﾝｸ･ﾊﾟｳﾁ,478,1062.0,ポッカサッポロフード＆ビバレッジ株式会社,49780741.0,ﾎﾟｯｶｻｯﾎﾟﾛ ｷﾚｰﾄﾚﾓﾝ 155BN,5.0,栄養保健,query
479,seen,414.0,飲料 ﾄﾞﾘﾝｸ･ﾊﾟｳﾁ,479,1062.0,ポッカサッポロフード＆ビバレッジ株式会社,49780741.0,ﾎﾟｯｶｻｯﾎﾟﾛ ｷﾚｰﾄﾚﾓﾝ 155BN,5.0,栄養保健,anchor
480,unseen,411.0,飲料 ｶﾝﾍﾟｯﾄ,480,1078.0,サントリーフーズ株式会社,4901777326149.0,SNF 天然水 ｱﾛｴﾖｰｸﾞﾘｰﾅ 550PT,1.0,飲料,query
481,unseen,411.0,飲料 ｶﾝﾍﾟｯﾄ,481,1078.0,サントリーフーズ株式会社,4901777326149.0,SNF 天然水 ｱﾛｴﾖｰｸﾞﾘｰﾅ 550PT,1.0,飲料,query
482,unseen,411.0,飲料 ｶﾝﾍﾟｯﾄ,482,1078.0,サントリーフーズ株式会社,4901777326149.0,SNF 天然水 ｱﾛｴﾖｰｸﾞﾘｰﾅ 550PT,1.0,飲料,anchor
483,unseen,411.0,飲料 ｶﾝﾍﾟｯﾄ,483,1078.0,サントリーフーズ株式会社,4901777326149.0,SNF 天然水 ｱﾛｴﾖｰｸﾞﾘｰﾅ 550PT,1.0,飲料,anchor
484,unseen,411.0,飲料 ｶﾝﾍﾟｯﾄ,484,1078.0,サントリーフーズ株式会社,4901777326149.0,SNF 天然水 ｱﾛｴﾖｰｸﾞﾘｰﾅ 550PT,1.0,飲料,anchor
485,unseen,411.0,飲料 ｶﾝﾍﾟｯﾄ,485,1078.0,サントリーフーズ株式会社,4901777326149.0,SNF 天然水 ｱﾛｴﾖｰｸﾞﾘｰﾅ 550PT,1.0,飲料,anchor
486,unseen,411.0,飲料 ｶﾝﾍﾟｯﾄ,486,1078.0,サントリーフーズ株式会社,4901777326149.0,SNF 天然水 ｱﾛｴﾖｰｸﾞﾘｰﾅ 550PT,1.0,飲料,anchor
487,unseen,411.0,飲料 ｶﾝﾍﾟｯﾄ,487,1078.0,サントリーフーズ株式会社,4901777326149.0,SNF 天然水 ｱﾛｴﾖｰｸﾞﾘｰﾅ 550PT,1.0,飲料,anchor
488,unseen,411.0,飲料 ｶﾝﾍﾟｯﾄ,488,1078.0,サントリーフーズ株式会社,4901777326149.0,SNF 天然水 ｱﾛｴﾖｰｸﾞﾘｰﾅ 550PT,1.0,飲料,anchor
489,unseen,411.0,飲料 ｶﾝﾍﾟｯﾄ,489,1078.0,サントリーフーズ株式会社,4901777326149.0,SNF 天然水 ｱﾛｴﾖｰｸﾞﾘｰﾅ 550PT,1.0,飲料,anchor
490,unseen,411.0,飲料 ｶﾝﾍﾟｯﾄ,490,1078.0,サントリーフーズ株式会社,4901777326149.0,SNF 天然水 ｱﾛｴﾖｰｸﾞﾘｰﾅ 550PT,1.0,飲料,query
491,unseen,411.0,飲料 ｶﾝﾍﾟｯﾄ,491,1078.0,サントリーフーズ株式会社,4901777326149.0,SNF 天然水 ｱﾛｴﾖｰｸﾞﾘｰﾅ 550PT,1.0,飲料,anchor
492,unseen,411.0,飲料 ｶﾝﾍﾟｯﾄ,492,1078.0,サントリーフーズ株式会社,4901777326149.0,SNF 天然水 ｱﾛｴﾖｰｸﾞﾘｰﾅ 550PT,1.0,飲料,anchor
493,unseen,411.0,飲料 ｶﾝﾍﾟｯﾄ,493,1078.0,サントリーフーズ株式会社,4901777326149.0,SNF 天然水 ｱﾛｴﾖｰｸﾞﾘｰﾅ 550PT,1.0,飲料,query
494,unseen,411.0,飲料 ｶﾝﾍﾟｯﾄ,494,1078.0,サントリーフーズ株式会社,4901777326149.0,SNF 天然水 ｱﾛｴﾖｰｸﾞﾘｰﾅ 550PT,1.0,飲料,anchor
495,unseen,411.0,飲料 ｶﾝﾍﾟｯﾄ,495,1078.0,サントリーフーズ株式会社,4901777326149.0,SNF 天然水 ｱﾛｴﾖｰｸﾞﾘｰﾅ 550PT,1.0,飲料,anchor
496,unseen,411.0,飲料 ｶﾝﾍﾟｯﾄ,496,1078.0,サントリーフーズ株式会社,4901777326149.0,SNF 天然水 ｱﾛｴﾖｰｸﾞﾘｰﾅ 550PT,1.0,飲料,anchor
497,unseen,411.0,飲料 ｶﾝﾍﾟｯﾄ,497,1078.0,サントリーフーズ株式会社,4901777326149.0,SNF 天然水 ｱﾛｴﾖｰｸﾞﾘｰﾅ 550PT,1.0,飲料,anchor
498,unseen,411.0,飲料 ｶﾝﾍﾟｯﾄ,498,1078.0,サントリーフーズ株式会社,4901777326149.0,SNF 天然水 ｱﾛｴﾖｰｸﾞﾘｰﾅ 550PT,1.0,飲料,anchor
499,unseen,411.0,飲料 ｶﾝﾍﾟｯﾄ,499,1078.0,サントリーフーズ株式会社,4901777326149.0,SNF 天然水 ｱﾛｴﾖｰｸﾞﾘｰﾅ 550PT,1.0,飲料,anchor
500,unseen,411.0,飲料 ｶﾝﾍﾟｯﾄ,500,1078.0,サントリーフーズ株式会社,4901777326149.0,SNF 天然水 ｱﾛｴﾖｰｸﾞﾘｰﾅ 550PT,1.0,飲料,query
501,unseen,411.0,飲料 ｶﾝﾍﾟｯﾄ,501,1078.0,サントリーフーズ株式会社,4901777326149.0,SNF 天然水 ｱﾛｴﾖｰｸﾞﾘｰﾅ 550PT,1.0,飲料,anchor
502,seen,151.0,機能性食品 常温,502,1058.0,アサヒフード&ヘルスケア株式会社,4946842501908.0,ｱｻﾋF&H ﾐﾝﾃｨｱ ﾜｲﾙﾄﾞ&ｸｰﾙ 50BX,3.0,菓子,anchor
503,seen,151.0,機能性食品 常温,503,1058.0,アサヒフード&ヘルスケア株式会社,4946842501908.0,ｱｻﾋF&H ﾐﾝﾃｨｱ ﾜｲﾙﾄﾞ&ｸｰﾙ 50BX,3.0,菓子,query
504,seen,151.0,機能性食品 常温,504,1058.0,アサヒフード&ヘルスケア株式会社,4946842501908.0,ｱｻﾋF&H ﾐﾝﾃｨｱ ﾜｲﾙﾄﾞ&ｸｰﾙ 50BX,3.0,菓子,query
505,seen,151.0,機能性食品 常温,505,1058.0,アサヒフード&ヘルスケア株式会社,4946842501908.0,ｱｻﾋF&H ﾐﾝﾃｨｱ ﾜｲﾙﾄﾞ&ｸｰﾙ 50BX,3.0,菓子,anchor
506,seen,151.0,機能性食品 常温,506,1058.0,アサヒフード&ヘルスケア株式会社,4946842501908.0,ｱｻﾋF&H ﾐﾝﾃｨｱ ﾜｲﾙﾄﾞ&ｸｰﾙ 50BX,3.0,菓子,query
507,seen,411.0,飲料 ｶﾝﾍﾟｯﾄ,507,1108.0,富永貿易,4936790519605.0,富永 ｱｾﾛﾗ&ｶﾑｶﾑ 500PT,1.0,飲料,anchor
508,seen,411.0,飲料 ｶﾝﾍﾟｯﾄ,508,1108.0,富永貿易,4936790519605.0,富永 ｱｾﾛﾗ&ｶﾑｶﾑ 500PT,1.0,飲料,anchor
509,seen,411.0,飲料 ｶﾝﾍﾟｯﾄ,509,1108.0,富永貿易,4936790519605.0,富永 ｱｾﾛﾗ&ｶﾑｶﾑ 500PT,1.0,飲料,query
510,seen,411.0,飲料 ｶﾝﾍﾟｯﾄ,510,1108.0,富永貿易,4936790519605.0,富永 ｱｾﾛﾗ&ｶﾑｶﾑ 500PT,1.0,飲料,anchor
511,seen,411.0,飲料 ｶﾝﾍﾟｯﾄ,511,1108.0,富永貿易,4936790519605.0,富永 ｱｾﾛﾗ&ｶﾑｶﾑ 500PT,1.0,飲料,query
512,seen,411.0,飲料 ｶﾝﾍﾟｯﾄ,512,1108.0,富永貿易,4936790519605.0,富永 ｱｾﾛﾗ&ｶﾑｶﾑ 500PT,1.0,飲料,query
513,seen,411.0,飲料 ｶﾝﾍﾟｯﾄ,513,1108.0,富永貿易,4936790519605.0,富永 ｱｾﾛﾗ&ｶﾑｶﾑ 500PT,1.0,飲料,anchor
514,seen,411.0,飲料 ｶﾝﾍﾟｯﾄ,514,1108.0,富永貿易,4936790519605.0,富永 ｱｾﾛﾗ&ｶﾑｶﾑ 500PT,1.0,飲料,anchor
515,seen,411.0,飲料 ｶﾝﾍﾟｯﾄ,515,1108.0,富永貿易,4936790519605.0,富永 ｱｾﾛﾗ&ｶﾑｶﾑ 500PT,1.0,飲料,anchor
516,seen,411.0,飲料 ｶﾝﾍﾟｯﾄ,516,1108.0,富永貿易,4936790519605.0,富永 ｱｾﾛﾗ&ｶﾑｶﾑ 500PT,1.0,飲料,anchor
517,seen,411.0,飲料 ｶﾝﾍﾟｯﾄ,517,1108.0,富永貿易,4936790519605.0,富永 ｱｾﾛﾗ&ｶﾑｶﾑ 500PT,1.0,飲料,query
518,seen,411.0,飲料 ｶﾝﾍﾟｯﾄ,518,1108.0,富永貿易,4936790519605.0,富永 ｱｾﾛﾗ&ｶﾑｶﾑ 500PT,1.0,飲料,anchor
519,seen,411.0,飲料 ｶﾝﾍﾟｯﾄ,519,1108.0,富永貿易,4936790519605.0,富永 ｱｾﾛﾗ&ｶﾑｶﾑ 500PT,1.0,飲料,query
520,seen,411.0,飲料 ｶﾝﾍﾟｯﾄ,520,1108.0,富永貿易,4936790519605.0,富永 ｱｾﾛﾗ&ｶﾑｶﾑ 500PT,1.0,飲料,anchor
521,seen,411.0,飲料 ｶﾝﾍﾟｯﾄ,521,1108.0,富永貿易,4936790519605.0,富永 ｱｾﾛﾗ&ｶﾑｶﾑ 500PT,1.0,飲料,anchor
522,unseen,412.0,飲料 ﾊﾟｯｸ,522,1059.0,カゴメ株式会社,4901306074695.0,ｶｺﾞﾒ 野菜生活100 ｽﾑｰｼﾞｰｵﾚﾝｼﾞざくろ&ﾖｰｸﾞﾙﾄmix 330ml,1.0,飲料,anchor
523,unseen,412.0,飲料 ﾊﾟｯｸ,523,1059.0,カゴメ株式会社,4901306074695.0,ｶｺﾞﾒ 野菜生活100 ｽﾑｰｼﾞｰｵﾚﾝｼﾞざくろ&ﾖｰｸﾞﾙﾄmix 330ml,1.0,飲料,anchor
524,unseen,412.0,飲料 ﾊﾟｯｸ,524,1059.0,カゴメ株式会社,4901306074695.0,ｶｺﾞﾒ 野菜生活100 ｽﾑｰｼﾞｰｵﾚﾝｼﾞざくろ&ﾖｰｸﾞﾙﾄmix 330ml,1.0,飲料,anchor
525,unseen,412.0,飲料 ﾊﾟｯｸ,525,1059.0,カゴメ株式会社,4901306074695.0,ｶｺﾞﾒ 野菜生活100 ｽﾑｰｼﾞｰｵﾚﾝｼﾞざくろ&ﾖｰｸﾞﾙﾄmix 330ml,1.0,飲料,query
526,unseen,412.0,飲料 ﾊﾟｯｸ,526,1059.0,カゴメ株式会社,4901306074695.0,ｶｺﾞﾒ 野菜生活100 ｽﾑｰｼﾞｰｵﾚﾝｼﾞざくろ&ﾖｰｸﾞﾙﾄmix 330ml,1.0,飲料,query
527,unseen,412.0,飲料 ﾊﾟｯｸ,527,1059.0,カゴメ株式会社,4901306074695.0,ｶｺﾞﾒ 野菜生活100 ｽﾑｰｼﾞｰｵﾚﾝｼﾞざくろ&ﾖｰｸﾞﾙﾄmix 330ml,1.0,飲料,query
528,unseen,412.0,飲料 ﾊﾟｯｸ,528,1059.0,カゴメ株式会社,4901306074695.0,ｶｺﾞﾒ 野菜生活100 ｽﾑｰｼﾞｰｵﾚﾝｼﾞざくろ&ﾖｰｸﾞﾙﾄmix 330ml,1.0,飲料,query
529,unseen,412.0,飲料 ﾊﾟｯｸ,529,1059.0,カゴメ株式会社,4901306074695.0,ｶｺﾞﾒ 野菜生活100 ｽﾑｰｼﾞｰｵﾚﾝｼﾞざくろ&ﾖｰｸﾞﾙﾄmix 330ml,1.0,飲料,query
530,unseen,412.0,飲料 ﾊﾟｯｸ,530,1059.0,カゴメ株式会社,4901306074695.0,ｶｺﾞﾒ 野菜生活100 ｽﾑｰｼﾞｰｵﾚﾝｼﾞざくろ&ﾖｰｸﾞﾙﾄmix 330ml,1.0,飲料,anchor
531,unseen,412.0,飲料 ﾊﾟｯｸ,531,1059.0,カゴメ株式会社,4901306074695.0,ｶｺﾞﾒ 野菜生活100 ｽﾑｰｼﾞｰｵﾚﾝｼﾞざくろ&ﾖｰｸﾞﾙﾄmix 330ml,1.0,飲料,query
532,unseen,412.0,飲料 ﾊﾟｯｸ,532,1059.0,カゴメ株式会社,4901306074695.0,ｶｺﾞﾒ 野菜生活100 ｽﾑｰｼﾞｰｵﾚﾝｼﾞざくろ&ﾖｰｸﾞﾙﾄmix 330ml,1.0,飲料,query
533,unseen,412.0,飲料 ﾊﾟｯｸ,533,1059.0,カゴメ株式会社,4901306074695.0,ｶｺﾞﾒ 野菜生活100 ｽﾑｰｼﾞｰｵﾚﾝｼﾞざくろ&ﾖｰｸﾞﾙﾄmix 330ml,1.0,飲料,anchor
534,unseen,412.0,飲料 ﾊﾟｯｸ,534,1059.0,カゴメ株式会社,4901306074695.0,ｶｺﾞﾒ 野菜生活100 ｽﾑｰｼﾞｰｵﾚﾝｼﾞざくろ&ﾖｰｸﾞﾙﾄmix 330ml,1.0,飲料,anchor
535,unseen,412.0,飲料 ﾊﾟｯｸ,535,1059.0,カゴメ株式会社,4901306074695.0,ｶｺﾞﾒ 野菜生活100 ｽﾑｰｼﾞｰｵﾚﾝｼﾞざくろ&ﾖｰｸﾞﾙﾄmix 330ml,1.0,飲料,query
536,unseen,412.0,飲料 ﾊﾟｯｸ,536,1059.0,カゴメ株式会社,4901306074695.0,ｶｺﾞﾒ 野菜生活100 ｽﾑｰｼﾞｰｵﾚﾝｼﾞざくろ&ﾖｰｸﾞﾙﾄmix 330ml,1.0,飲料,anchor
537,unseen,412.0,飲料 ﾊﾟｯｸ,537,1059.0,カゴメ株式会社,4901306074695.0,ｶｺﾞﾒ 野菜生活100 ｽﾑｰｼﾞｰｵﾚﾝｼﾞざくろ&ﾖｰｸﾞﾙﾄmix 330ml,1.0,飲料,anchor
538,seen,411.0,飲料 ｶﾝﾍﾟｯﾄ,538,1079.0,アサヒ飲料株式会社,4514603347418.0,ASI ｳｨﾙｷﾝｿﾝ ﾀﾝｻﾝ ﾚﾓﾝ 500PT,1.0,飲料,anchor
539,seen,411.0,飲料 ｶﾝﾍﾟｯﾄ,539,1079.0,アサヒ飲料株式会社,4514603347418.0,ASI ｳｨﾙｷﾝｿﾝ ﾀﾝｻﾝ ﾚﾓﾝ 500PT,1.0,飲料,anchor
540,seen,411.0,飲料 ｶﾝﾍﾟｯﾄ,540,1079.0,アサヒ飲料株式会社,4514603347418.0,ASI ｳｨﾙｷﾝｿﾝ ﾀﾝｻﾝ ﾚﾓﾝ 500PT,1.0,飲料,anchor
541,seen,411.0,飲料 ｶﾝﾍﾟｯﾄ,541,1079.0,アサヒ飲料株式会社,4514603347418.0,ASI ｳｨﾙｷﾝｿﾝ ﾀﾝｻﾝ ﾚﾓﾝ 500PT,1.0,飲料,anchor
542,seen,411.0,飲料 ｶﾝﾍﾟｯﾄ,542,1079.0,アサヒ飲料株式会社,4514603347418.0,ASI ｳｨﾙｷﾝｿﾝ ﾀﾝｻﾝ ﾚﾓﾝ 500PT,1.0,飲料,anchor
543,seen,411.0,飲料 ｶﾝﾍﾟｯﾄ,543,1079.0,アサヒ飲料株式会社,4514603347418.0,ASI ｳｨﾙｷﾝｿﾝ ﾀﾝｻﾝ ﾚﾓﾝ 500PT,1.0,飲料,anchor
544,seen,411.0,飲料 ｶﾝﾍﾟｯﾄ,544,1079.0,アサヒ飲料株式会社,4514603347418.0,ASI ｳｨﾙｷﾝｿﾝ ﾀﾝｻﾝ ﾚﾓﾝ 500PT,1.0,飲料,anchor
545,seen,411.0,飲料 ｶﾝﾍﾟｯﾄ,545,1079.0,アサヒ飲料株式会社,4514603347418.0,ASI ｳｨﾙｷﾝｿﾝ ﾀﾝｻﾝ ﾚﾓﾝ 500PT,1.0,飲料,anchor
546,seen,411.0,飲料 ｶﾝﾍﾟｯﾄ,546,1079.0,アサヒ飲料株式会社,4514603347418.0,ASI ｳｨﾙｷﾝｿﾝ ﾀﾝｻﾝ ﾚﾓﾝ 500PT,1.0,飲料,query
547,seen,411.0,飲料 ｶﾝﾍﾟｯﾄ,547,1079.0,アサヒ飲料株式会社,4514603347418.0,ASI ｳｨﾙｷﾝｿﾝ ﾀﾝｻﾝ ﾚﾓﾝ 500PT,1.0,飲料,anchor
548,seen,411.0,飲料 ｶﾝﾍﾟｯﾄ,548,1079.0,アサヒ飲料株式会社,4514603347418.0,ASI ｳｨﾙｷﾝｿﾝ ﾀﾝｻﾝ ﾚﾓﾝ 500PT,1.0,飲料,query
549,seen,411.0,飲料 ｶﾝﾍﾟｯﾄ,549,1079.0,アサヒ飲料株式会社,4514603347418.0,ASI ｳｨﾙｷﾝｿﾝ ﾀﾝｻﾝ ﾚﾓﾝ 500PT,1.0,飲料,query
550,seen,411.0,飲料 ｶﾝﾍﾟｯﾄ,550,1079.0,アサヒ飲料株式会社,4514603347418.0,ASI ｳｨﾙｷﾝｿﾝ ﾀﾝｻﾝ ﾚﾓﾝ 500PT,1.0,飲料,query
551,seen,411.0,飲料 ｶﾝﾍﾟｯﾄ,551,1079.0,アサヒ飲料株式会社,4514603347418.0,ASI ｳｨﾙｷﾝｿﾝ ﾀﾝｻﾝ ﾚﾓﾝ 500PT,1.0,飲料,anchor
552,seen,411.0,飲料 ｶﾝﾍﾟｯﾄ,552,1079.0,アサヒ飲料株式会社,4514603347418.0,ASI ｳｨﾙｷﾝｿﾝ ﾀﾝｻﾝ ﾚﾓﾝ 500PT,1.0,飲料,anchor
553,unseen,414.0,飲料 ﾄﾞﾘﾝｸ･ﾊﾟｳﾁ,553,1124.0,ハウスウェルネスフーズ株式会社,4530503705004.0,ﾊｳｽW ﾒｶﾞｼｬｷ 100BC,5.0,栄養保健,anchor
554,unseen,414.0,飲料 ﾄﾞﾘﾝｸ･ﾊﾟｳﾁ,554,1124.0,ハウスウェルネスフーズ株式会社,4530503705004.0,ﾊｳｽW ﾒｶﾞｼｬｷ 100BC,5.0,栄養保健,query
555,unseen,414.0,飲料 ﾄﾞﾘﾝｸ･ﾊﾟｳﾁ,555,1124.0,ハウスウェルネスフーズ株式会社,4530503705004.0,ﾊｳｽW ﾒｶﾞｼｬｷ 100BC,5.0,栄養保健,query
556,unseen,414.0,飲料 ﾄﾞﾘﾝｸ･ﾊﾟｳﾁ,556,1124.0,ハウスウェルネスフーズ株式会社,4530503705004.0,ﾊｳｽW ﾒｶﾞｼｬｷ 100BC,5.0,栄養保健,anchor
557,unseen,414.0,飲料 ﾄﾞﾘﾝｸ･ﾊﾟｳﾁ,557,1124.0,ハウスウェルネスフーズ株式会社,4530503705004.0,ﾊｳｽW ﾒｶﾞｼｬｷ 100BC,5.0,栄養保健,query
558,unseen,414.0,飲料 ﾄﾞﾘﾝｸ･ﾊﾟｳﾁ,558,1124.0,ハウスウェルネスフーズ株式会社,4530503705004.0,ﾊｳｽW ﾒｶﾞｼｬｷ 100BC,5.0,栄養保健,query
559,unseen,414.0,飲料 ﾄﾞﾘﾝｸ･ﾊﾟｳﾁ,559,1124.0,ハウスウェルネスフーズ株式会社,4530503705004.0,ﾊｳｽW ﾒｶﾞｼｬｷ 100BC,5.0,栄養保健,anchor
560,unseen,414.0,飲料 ﾄﾞﾘﾝｸ･ﾊﾟｳﾁ,560,1124.0,ハウスウェルネスフーズ株式会社,4530503705004.0,ﾊｳｽW ﾒｶﾞｼｬｷ 100BC,5.0,栄養保健,query
561,unseen,414.0,飲料 ﾄﾞﾘﾝｸ･ﾊﾟｳﾁ,561,1124.0,ハウスウェルネスフーズ株式会社,4530503705004.0,ﾊｳｽW ﾒｶﾞｼｬｷ 100BC,5.0,栄養保健,anchor
562,unseen,414.0,飲料 ﾄﾞﾘﾝｸ･ﾊﾟｳﾁ,562,1124.0,ハウスウェルネスフーズ株式会社,4530503705004.0,ﾊｳｽW ﾒｶﾞｼｬｷ 100BC,5.0,栄養保健,query
563,unseen,414.0,飲料 ﾄﾞﾘﾝｸ･ﾊﾟｳﾁ,563,1124.0,ハウスウェルネスフーズ株式会社,4530503705004.0,ﾊｳｽW ﾒｶﾞｼｬｷ 100BC,5.0,栄養保健,anchor
564,unseen,414.0,飲料 ﾄﾞﾘﾝｸ･ﾊﾟｳﾁ,564,1124.0,ハウスウェルネスフーズ株式会社,4530503705004.0,ﾊｳｽW ﾒｶﾞｼｬｷ 100BC,5.0,栄養保健,anchor
565,unseen,414.0,飲料 ﾄﾞﾘﾝｸ･ﾊﾟｳﾁ,565,1124.0,ハウスウェルネスフーズ株式会社,4530503705004.0,ﾊｳｽW ﾒｶﾞｼｬｷ 100BC,5.0,栄養保健,query
566,unseen,414.0,飲料 ﾄﾞﾘﾝｸ･ﾊﾟｳﾁ,566,1124.0,ハウスウェルネスフーズ株式会社,4530503705004.0,ﾊｳｽW ﾒｶﾞｼｬｷ 100BC,5.0,栄養保健,query
567,unseen,414.0,飲料 ﾄﾞﾘﾝｸ･ﾊﾟｳﾁ,567,1124.0,ハウスウェルネスフーズ株式会社,4530503705004.0,ﾊｳｽW ﾒｶﾞｼｬｷ 100BC,5.0,栄養保健,query
568,seen,411.0,飲料 ｶﾝﾍﾟｯﾄ,568,1106.0,コカ・コーラ,4902102134644.0,CC ﾘｱﾙｺﾞｰﾙﾄﾞｳﾙﾄﾗﾁｬｰｼﾞﾚﾓﾝ,1.0,飲料,anchor
569,seen,411.0,飲料 ｶﾝﾍﾟｯﾄ,569,1106.0,コカ・コーラ,4902102134644.0,CC ﾘｱﾙｺﾞｰﾙﾄﾞｳﾙﾄﾗﾁｬｰｼﾞﾚﾓﾝ,1.0,飲料,anchor
570,seen,411.0,飲料 ｶﾝﾍﾟｯﾄ,570,1106.0,コカ・コーラ,4902102134644.0,CC ﾘｱﾙｺﾞｰﾙﾄﾞｳﾙﾄﾗﾁｬｰｼﾞﾚﾓﾝ,1.0,飲料,anchor
571,seen,411.0,飲料 ｶﾝﾍﾟｯﾄ,571,1106.0,コカ・コーラ,4902102134644.0,CC ﾘｱﾙｺﾞｰﾙﾄﾞｳﾙﾄﾗﾁｬｰｼﾞﾚﾓﾝ,1.0,飲料,query
572,seen,411.0,飲料 ｶﾝﾍﾟｯﾄ,572,1106.0,コカ・コーラ,4902102134644.0,CC ﾘｱﾙｺﾞｰﾙﾄﾞｳﾙﾄﾗﾁｬｰｼﾞﾚﾓﾝ,1.0,飲料,query
573,seen,411.0,飲料 ｶﾝﾍﾟｯﾄ,573,1106.0,コカ・コーラ,4902102134644.0,CC ﾘｱﾙｺﾞｰﾙﾄﾞｳﾙﾄﾗﾁｬｰｼﾞﾚﾓﾝ,1.0,飲料,anchor
574,seen,411.0,飲料 ｶﾝﾍﾟｯﾄ,574,1106.0,コカ・コーラ,4902102134644.0,CC ﾘｱﾙｺﾞｰﾙﾄﾞｳﾙﾄﾗﾁｬｰｼﾞﾚﾓﾝ,1.0,飲料,query
575,seen,411.0,飲料 ｶﾝﾍﾟｯﾄ,575,1106.0,コカ・コーラ,4902102134644.0,CC ﾘｱﾙｺﾞｰﾙﾄﾞｳﾙﾄﾗﾁｬｰｼﾞﾚﾓﾝ,1.0,飲料,anchor
576,seen,411.0,飲料 ｶﾝﾍﾟｯﾄ,576,1106.0,コカ・コーラ,4902102134644.0,CC ﾘｱﾙｺﾞｰﾙﾄﾞｳﾙﾄﾗﾁｬｰｼﾞﾚﾓﾝ,1.0,飲料,anchor
577,seen,411.0,飲料 ｶﾝﾍﾟｯﾄ,577,1106.0,コカ・コーラ,4902102134644.0,CC ﾘｱﾙｺﾞｰﾙﾄﾞｳﾙﾄﾗﾁｬｰｼﾞﾚﾓﾝ,1.0,飲料,query
578,seen,411.0,飲料 ｶﾝﾍﾟｯﾄ,578,1106.0,コカ・コーラ,4902102134644.0,CC ﾘｱﾙｺﾞｰﾙﾄﾞｳﾙﾄﾗﾁｬｰｼﾞﾚﾓﾝ,1.0,飲料,query
579,seen,411.0,飲料 ｶﾝﾍﾟｯﾄ,579,1106.0,コカ・コーラ,4902102134644.0,CC ﾘｱﾙｺﾞｰﾙﾄﾞｳﾙﾄﾗﾁｬｰｼﾞﾚﾓﾝ,1.0,飲料,anchor
580,seen,411.0,飲料 ｶﾝﾍﾟｯﾄ,580,1106.0,コカ・コーラ,4902102134644.0,CC ﾘｱﾙｺﾞｰﾙﾄﾞｳﾙﾄﾗﾁｬｰｼﾞﾚﾓﾝ,1.0,飲料,query
581,seen,411.0,飲料 ｶﾝﾍﾟｯﾄ,581,1106.0,コカ・コーラ,4902102134644.0,CC ﾘｱﾙｺﾞｰﾙﾄﾞｳﾙﾄﾗﾁｬｰｼﾞﾚﾓﾝ,1.0,飲料,anchor
582,seen,411.0,飲料 ｶﾝﾍﾟｯﾄ,582,1106.0,コカ・コーラ,4902102134644.0,CC ﾘｱﾙｺﾞｰﾙﾄﾞｳﾙﾄﾗﾁｬｰｼﾞﾚﾓﾝ,1.0,飲料,query
583,seen,411.0,飲料 ｶﾝﾍﾟｯﾄ,583,10033.0,ミツウロコビバレッジ,4571351852328.0,ﾐﾂｳﾛｺﾋﾞﾊﾞﾚｯｼﾞ 郷ﾉ恵ﾐ天然水 500P,1.0,飲料,anchor
584,seen,411.0,飲料 ｶﾝﾍﾟｯﾄ,584,10033.0,ミツウロコビバレッジ,4571351852328.0,ﾐﾂｳﾛｺﾋﾞﾊﾞﾚｯｼﾞ 郷ﾉ恵ﾐ天然水 500P,1.0,飲料,query
585,seen,411.0,飲料 ｶﾝﾍﾟｯﾄ,585,10033.0,ミツウロコビバレッジ,4571351852328.0,ﾐﾂｳﾛｺﾋﾞﾊﾞﾚｯｼﾞ 郷ﾉ恵ﾐ天然水 500P,1.0,飲料,anchor
586,seen,411.0,飲料 ｶﾝﾍﾟｯﾄ,586,10033.0,ミツウロコビバレッジ,4571351852328.0,ﾐﾂｳﾛｺﾋﾞﾊﾞﾚｯｼﾞ 郷ﾉ恵ﾐ天然水 500P,1.0,飲料,anchor
587,seen,411.0,飲料 ｶﾝﾍﾟｯﾄ,587,10033.0,ミツウロコビバレッジ,4571351852328.0,ﾐﾂｳﾛｺﾋﾞﾊﾞﾚｯｼﾞ 郷ﾉ恵ﾐ天然水 500P,1.0,飲料,anchor
588,seen,411.0,飲料 ｶﾝﾍﾟｯﾄ,588,10033.0,ミツウロコビバレッジ,4571351852328.0,ﾐﾂｳﾛｺﾋﾞﾊﾞﾚｯｼﾞ 郷ﾉ恵ﾐ天然水 500P,1.0,飲料,anchor
589,seen,411.0,飲料 ｶﾝﾍﾟｯﾄ,589,10033.0,ミツウロコビバレッジ,4571351852328.0,ﾐﾂｳﾛｺﾋﾞﾊﾞﾚｯｼﾞ 郷ﾉ恵ﾐ天然水 500P,1.0,飲料,anchor
590,seen,411.0,飲料 ｶﾝﾍﾟｯﾄ,590,10033.0,ミツウロコビバレッジ,4571351852328.0,ﾐﾂｳﾛｺﾋﾞﾊﾞﾚｯｼﾞ 郷ﾉ恵ﾐ天然水 500P,1.0,飲料,query
591,seen,411.0,飲料 ｶﾝﾍﾟｯﾄ,591,10033.0,ミツウロコビバレッジ,4571351852328.0,ﾐﾂｳﾛｺﾋﾞﾊﾞﾚｯｼﾞ 郷ﾉ恵ﾐ天然水 500P,1.0,飲料,anchor
592,seen,411.0,飲料 ｶﾝﾍﾟｯﾄ,592,10033.0,ミツウロコビバレッジ,4571351852328.0,ﾐﾂｳﾛｺﾋﾞﾊﾞﾚｯｼﾞ 郷ﾉ恵ﾐ天然水 500P,1.0,飲料,anchor
593,seen,411.0,飲料 ｶﾝﾍﾟｯﾄ,593,1079.0,アサヒ飲料株式会社,4514603325812.0,ASI ｳｨﾙｷﾝｿﾝ ﾀﾝｻﾝ 500PT,1.0,飲料,anchor
594,seen,411.0,飲料 ｶﾝﾍﾟｯﾄ,594,1079.0,アサヒ飲料株式会社,4514603325812.0,ASI ｳｨﾙｷﾝｿﾝ ﾀﾝｻﾝ 500PT,1.0,飲料,anchor
595,seen,411.0,飲料 ｶﾝﾍﾟｯﾄ,595,1079.0,アサヒ飲料株式会社,4514603325812.0,ASI ｳｨﾙｷﾝｿﾝ ﾀﾝｻﾝ 500PT,1.0,飲料,anchor
596,seen,411.0,飲料 ｶﾝﾍﾟｯﾄ,596,1079.0,アサヒ飲料株式会社,4514603325812.0,ASI ｳｨﾙｷﾝｿﾝ ﾀﾝｻﾝ 500PT,1.0,飲料,anchor
597,seen,411.0,飲料 ｶﾝﾍﾟｯﾄ,597,1079.0,アサヒ飲料株式会社,4514603325812.0,ASI ｳｨﾙｷﾝｿﾝ ﾀﾝｻﾝ 500PT,1.0,飲料,query
598,seen,411.0,飲料 ｶﾝﾍﾟｯﾄ,598,1079.0,アサヒ飲料株式会社,4514603325812.0,ASI ｳｨﾙｷﾝｿﾝ ﾀﾝｻﾝ 500PT,1.0,飲料,anchor
599,seen,411.0,飲料 ｶﾝﾍﾟｯﾄ,599,1079.0,アサヒ飲料株式会社,4514603325812.0,ASI ｳｨﾙｷﾝｿﾝ ﾀﾝｻﾝ 500PT,1.0,飲料,query
600,seen,411.0,飲料 ｶﾝﾍﾟｯﾄ,600,1079.0,アサヒ飲料株式会社,4514603325812.0,ASI ｳｨﾙｷﾝｿﾝ ﾀﾝｻﾝ 500PT,1.0,飲料,query
601,seen,411.0,飲料 ｶﾝﾍﾟｯﾄ,601,1079.0,アサヒ飲料株式会社,4514603325812.0,ASI ｳｨﾙｷﾝｿﾝ ﾀﾝｻﾝ 500PT,1.0,飲料,query
602,seen,411.0,飲料 ｶﾝﾍﾟｯﾄ,602,1079.0,アサヒ飲料株式会社,4514603325812.0,ASI ｳｨﾙｷﾝｿﾝ ﾀﾝｻﾝ 500PT,1.0,飲料,anchor
603,seen,411.0,飲料 ｶﾝﾍﾟｯﾄ,603,1079.0,アサヒ飲料株式会社,4514603325812.0,ASI ｳｨﾙｷﾝｿﾝ ﾀﾝｻﾝ 500PT,1.0,飲料,query
604,seen,411.0,飲料 ｶﾝﾍﾟｯﾄ,604,1079.0,アサヒ飲料株式会社,4514603325812.0,ASI ｳｨﾙｷﾝｿﾝ ﾀﾝｻﾝ 500PT,1.0,飲料,query
605,seen,411.0,飲料 ｶﾝﾍﾟｯﾄ,605,1079.0,アサヒ飲料株式会社,4514603325812.0,ASI ｳｨﾙｷﾝｿﾝ ﾀﾝｻﾝ 500PT,1.0,飲料,anchor
606,seen,411.0,飲料 ｶﾝﾍﾟｯﾄ,606,1079.0,アサヒ飲料株式会社,4514603325812.0,ASI ｳｨﾙｷﾝｿﾝ ﾀﾝｻﾝ 500PT,1.0,飲料,query
607,seen,411.0,飲料 ｶﾝﾍﾟｯﾄ,607,1079.0,アサヒ飲料株式会社,4514603325812.0,ASI ｳｨﾙｷﾝｿﾝ ﾀﾝｻﾝ 500PT,1.0,飲料,anchor
608,seen,411.0,飲料 ｶﾝﾍﾟｯﾄ,608,1079.0,アサヒ飲料株式会社,4514603325812.0,ASI ｳｨﾙｷﾝｿﾝ ﾀﾝｻﾝ 500PT,1.0,飲料,anchor
609,seen,411.0,飲料 ｶﾝﾍﾟｯﾄ,609,1079.0,アサヒ飲料株式会社,4514603325812.0,ASI ｳｨﾙｷﾝｿﾝ ﾀﾝｻﾝ 500PT,1.0,飲料,anchor
610,seen,411.0,飲料 ｶﾝﾍﾟｯﾄ,610,1079.0,アサヒ飲料株式会社,4514603325812.0,ASI ｳｨﾙｷﾝｿﾝ ﾀﾝｻﾝ 500PT,1.0,飲料,anchor
611,seen,152.0,機能性食品 冷蔵,611,1063.0,株式会社 ブルボン,4901360331000.0,ﾌﾞﾙﾎﾞﾝ ﾁｮｺﾌﾞﾗｳﾆｰ 1PK,3.0,菓子,query
612,seen,152.0,機能性食品 冷蔵,612,1063.0,株式会社 ブルボン,4901360331000.0,ﾌﾞﾙﾎﾞﾝ ﾁｮｺﾌﾞﾗｳﾆｰ 1PK,3.0,菓子,anchor
613,seen,152.0,機能性食品 冷蔵,613,1063.0,株式会社 ブルボン,4901360331000.0,ﾌﾞﾙﾎﾞﾝ ﾁｮｺﾌﾞﾗｳﾆｰ 1PK,3.0,菓子,anchor
614,seen,152.0,機能性食品 冷蔵,614,1063.0,株式会社 ブルボン,4901360331000.0,ﾌﾞﾙﾎﾞﾝ ﾁｮｺﾌﾞﾗｳﾆｰ 1PK,3.0,菓子,anchor
615,seen,152.0,機能性食品 冷蔵,615,1063.0,株式会社 ブルボン,4901360331000.0,ﾌﾞﾙﾎﾞﾝ ﾁｮｺﾌﾞﾗｳﾆｰ 1PK,3.0,菓子,query
616,seen,101.0,ｶﾞﾑ･飴･ｸﾞﾐ,616,1017.0,株式会社 ロッテ,45141164.0,ﾛｯﾃ ﾌﾙｰﾂのど飴 11BX,3.0,菓子,anchor
617,seen,101.0,ｶﾞﾑ･飴･ｸﾞﾐ,617,1017.0,株式会社 ロッテ,45141164.0,ﾛｯﾃ ﾌﾙｰﾂのど飴 11BX,3.0,菓子,anchor
618,seen,101.0,ｶﾞﾑ･飴･ｸﾞﾐ,618,1017.0,株式会社 ロッテ,45141164.0,ﾛｯﾃ ﾌﾙｰﾂのど飴 11BX,3.0,菓子,anchor
619,seen,101.0,ｶﾞﾑ･飴･ｸﾞﾐ,619,1017.0,株式会社 ロッテ,45141164.0,ﾛｯﾃ ﾌﾙｰﾂのど飴 11BX,3.0,菓子,anchor
620,seen,101.0,ｶﾞﾑ･飴･ｸﾞﾐ,620,1017.0,株式会社 ロッテ,45141164.0,ﾛｯﾃ ﾌﾙｰﾂのど飴 11BX,3.0,菓子,anchor
621,unseen,411.0,飲料 ｶﾝﾍﾟｯﾄ,621,1078.0,サントリーフーズ株式会社,4901777316072.0,SNF 天然水 奥大山ﾉﾌﾞﾙｰﾍﾞﾘｰﾖｰｸﾞﾘｰﾅ550PT,1.0,飲料,anchor
622,unseen,411.0,飲料 ｶﾝﾍﾟｯﾄ,622,1078.0,サントリーフーズ株式会社,4901777316072.0,SNF 天然水 奥大山ﾉﾌﾞﾙｰﾍﾞﾘｰﾖｰｸﾞﾘｰﾅ550PT,1.0,飲料,anchor
623,unseen,411.0,飲料 ｶﾝﾍﾟｯﾄ,623,1078.0,サントリーフーズ株式会社,4901777316072.0,SNF 天然水 奥大山ﾉﾌﾞﾙｰﾍﾞﾘｰﾖｰｸﾞﾘｰﾅ550PT,1.0,飲料,query
624,unseen,411.0,飲料 ｶﾝﾍﾟｯﾄ,624,1078.0,サントリーフーズ株式会社,4901777316072.0,SNF 天然水 奥大山ﾉﾌﾞﾙｰﾍﾞﾘｰﾖｰｸﾞﾘｰﾅ550PT,1.0,飲料,anchor
625,unseen,411.0,飲料 ｶﾝﾍﾟｯﾄ,625,1078.0,サントリーフーズ株式会社,4901777316072.0,SNF 天然水 奥大山ﾉﾌﾞﾙｰﾍﾞﾘｰﾖｰｸﾞﾘｰﾅ550PT,1.0,飲料,query
626,unseen,411.0,飲料 ｶﾝﾍﾟｯﾄ,626,1078.0,サントリーフーズ株式会社,4901777316072.0,SNF 天然水 奥大山ﾉﾌﾞﾙｰﾍﾞﾘｰﾖｰｸﾞﾘｰﾅ550PT,1.0,飲料,query
627,unseen,411.0,飲料 ｶﾝﾍﾟｯﾄ,627,1078.0,サントリーフーズ株式会社,4901777316072.0,SNF 天然水 奥大山ﾉﾌﾞﾙｰﾍﾞﾘｰﾖｰｸﾞﾘｰﾅ550PT,1.0,飲料,anchor
628,unseen,411.0,飲料 ｶﾝﾍﾟｯﾄ,628,1078.0,サントリーフーズ株式会社,4901777316072.0,SNF 天然水 奥大山ﾉﾌﾞﾙｰﾍﾞﾘｰﾖｰｸﾞﾘｰﾅ550PT,1.0,飲料,query
629,unseen,411.0,飲料 ｶﾝﾍﾟｯﾄ,629,1078.0,サントリーフーズ株式会社,4901777316072.0,SNF 天然水 奥大山ﾉﾌﾞﾙｰﾍﾞﾘｰﾖｰｸﾞﾘｰﾅ550PT,1.0,飲料,anchor
630,unseen,411.0,飲料 ｶﾝﾍﾟｯﾄ,630,1078.0,サントリーフーズ株式会社,4901777316072.0,SNF 天然水 奥大山ﾉﾌﾞﾙｰﾍﾞﾘｰﾖｰｸﾞﾘｰﾅ550PT,1.0,飲料,anchor
631,unseen,411.0,飲料 ｶﾝﾍﾟｯﾄ,631,1078.0,サントリーフーズ株式会社,4901777316072.0,SNF 天然水 奥大山ﾉﾌﾞﾙｰﾍﾞﾘｰﾖｰｸﾞﾘｰﾅ550PT,1.0,飲料,query
632,unseen,411.0,飲料 ｶﾝﾍﾟｯﾄ,632,1078.0,サントリーフーズ株式会社,4901777316072.0,SNF 天然水 奥大山ﾉﾌﾞﾙｰﾍﾞﾘｰﾖｰｸﾞﾘｰﾅ550PT,1.0,飲料,anchor
633,unseen,411.0,飲料 ｶﾝﾍﾟｯﾄ,633,1078.0,サントリーフーズ株式会社,4901777316072.0,SNF 天然水 奥大山ﾉﾌﾞﾙｰﾍﾞﾘｰﾖｰｸﾞﾘｰﾅ550PT,1.0,飲料,query
634,unseen,411.0,飲料 ｶﾝﾍﾟｯﾄ,634,1078.0,サントリーフーズ株式会社,4901777316072.0,SNF 天然水 奥大山ﾉﾌﾞﾙｰﾍﾞﾘｰﾖｰｸﾞﾘｰﾅ550PT,1.0,飲料,anchor
635,unseen,411.0,飲料 ｶﾝﾍﾟｯﾄ,635,1078.0,サントリーフーズ株式会社,4901777316072.0,SNF 天然水 奥大山ﾉﾌﾞﾙｰﾍﾞﾘｰﾖｰｸﾞﾘｰﾅ550PT,1.0,飲料,anchor
636,unseen,411.0,飲料 ｶﾝﾍﾟｯﾄ,636,1078.0,サントリーフーズ株式会社,4901777316072.0,SNF 天然水 奥大山ﾉﾌﾞﾙｰﾍﾞﾘｰﾖｰｸﾞﾘｰﾅ550PT,1.0,飲料,query
637,unseen,411.0,飲料 ｶﾝﾍﾟｯﾄ,637,1078.0,サントリーフーズ株式会社,4901777316072.0,SNF 天然水 奥大山ﾉﾌﾞﾙｰﾍﾞﾘｰﾖｰｸﾞﾘｰﾅ550PT,1.0,飲料,query
638,unseen,411.0,飲料 ｶﾝﾍﾟｯﾄ,638,1078.0,サントリーフーズ株式会社,4901777316072.0,SNF 天然水 奥大山ﾉﾌﾞﾙｰﾍﾞﾘｰﾖｰｸﾞﾘｰﾅ550PT,1.0,飲料,query
639,unseen,411.0,飲料 ｶﾝﾍﾟｯﾄ,639,1078.0,サントリーフーズ株式会社,4901777316072.0,SNF 天然水 奥大山ﾉﾌﾞﾙｰﾍﾞﾘｰﾖｰｸﾞﾘｰﾅ550PT,1.0,飲料,anchor
640,unseen,411.0,飲料 ｶﾝﾍﾟｯﾄ,640,1078.0,サントリーフーズ株式会社,4901777316072.0,SNF 天然水 奥大山ﾉﾌﾞﾙｰﾍﾞﾘｰﾖｰｸﾞﾘｰﾅ550PT,1.0,飲料,anchor
641,unseen,411.0,飲料 ｶﾝﾍﾟｯﾄ,641,1078.0,サントリーフーズ株式会社,4901777316072.0,SNF 天然水 奥大山ﾉﾌﾞﾙｰﾍﾞﾘｰﾖｰｸﾞﾘｰﾅ550PT,1.0,飲料,anchor
642,unseen,411.0,飲料 ｶﾝﾍﾟｯﾄ,642,1078.0,サントリーフーズ株式会社,4901777316072.0,SNF 天然水 奥大山ﾉﾌﾞﾙｰﾍﾞﾘｰﾖｰｸﾞﾘｰﾅ550PT,1.0,飲料,anchor
643,unseen,411.0,飲料 ｶﾝﾍﾟｯﾄ,643,1078.0,サントリーフーズ株式会社,4901777316072.0,SNF 天然水 奥大山ﾉﾌﾞﾙｰﾍﾞﾘｰﾖｰｸﾞﾘｰﾅ550PT,1.0,飲料,anchor
644,unseen,411.0,飲料 ｶﾝﾍﾟｯﾄ,644,1078.0,サントリーフーズ株式会社,4901777316072.0,SNF 天然水 奥大山ﾉﾌﾞﾙｰﾍﾞﾘｰﾖｰｸﾞﾘｰﾅ550PT,1.0,飲料,query
645,unseen,411.0,飲料 ｶﾝﾍﾟｯﾄ,645,1078.0,サントリーフーズ株式会社,4901777316072.0,SNF 天然水 奥大山ﾉﾌﾞﾙｰﾍﾞﾘｰﾖｰｸﾞﾘｰﾅ550PT,1.0,飲料,query
646,unseen,411.0,飲料 ｶﾝﾍﾟｯﾄ,646,1078.0,サントリーフーズ株式会社,4901777316072.0,SNF 天然水 奥大山ﾉﾌﾞﾙｰﾍﾞﾘｰﾖｰｸﾞﾘｰﾅ550PT,1.0,飲料,query
647,unseen,411.0,飲料 ｶﾝﾍﾟｯﾄ,647,1078.0,サントリーフーズ株式会社,4901777316072.0,SNF 天然水 奥大山ﾉﾌﾞﾙｰﾍﾞﾘｰﾖｰｸﾞﾘｰﾅ550PT,1.0,飲料,query
648,unseen,411.0,飲料 ｶﾝﾍﾟｯﾄ,648,1078.0,サントリーフーズ株式会社,4901777316072.0,SNF 天然水 奥大山ﾉﾌﾞﾙｰﾍﾞﾘｰﾖｰｸﾞﾘｰﾅ550PT,1.0,飲料,anchor
649,unseen,411.0,飲料 ｶﾝﾍﾟｯﾄ,649,1078.0,サントリーフーズ株式会社,4901777316072.0,SNF 天然水 奥大山ﾉﾌﾞﾙｰﾍﾞﾘｰﾖｰｸﾞﾘｰﾅ550PT,1.0,飲料,anchor
650,seen,411.0,飲料 ｶﾝﾍﾟｯﾄ,650,1107.0,チェリオ,4902074008561.0,ﾁｪﾘｵ ﾗｲﾌｶﾞｰﾄﾞ 350CN,1.0,飲料,query
651,seen,411.0,飲料 ｶﾝﾍﾟｯﾄ,651,1107.0,チェリオ,4902074008561.0,ﾁｪﾘｵ ﾗｲﾌｶﾞｰﾄﾞ 350CN,1.0,飲料,query
652,seen,411.0,飲料 ｶﾝﾍﾟｯﾄ,652,1107.0,チェリオ,4902074008561.0,ﾁｪﾘｵ ﾗｲﾌｶﾞｰﾄﾞ 350CN,1.0,飲料,anchor
653,seen,411.0,飲料 ｶﾝﾍﾟｯﾄ,653,1107.0,チェリオ,4902074008561.0,ﾁｪﾘｵ ﾗｲﾌｶﾞｰﾄﾞ 350CN,1.0,飲料,anchor
654,seen,411.0,飲料 ｶﾝﾍﾟｯﾄ,654,1107.0,チェリオ,4902074008561.0,ﾁｪﾘｵ ﾗｲﾌｶﾞｰﾄﾞ 350CN,1.0,飲料,anchor
655,seen,411.0,飲料 ｶﾝﾍﾟｯﾄ,655,1107.0,チェリオ,4902074008561.0,ﾁｪﾘｵ ﾗｲﾌｶﾞｰﾄﾞ 350CN,1.0,飲料,anchor
656,seen,411.0,飲料 ｶﾝﾍﾟｯﾄ,656,1107.0,チェリオ,4902074008561.0,ﾁｪﾘｵ ﾗｲﾌｶﾞｰﾄﾞ 350CN,1.0,飲料,anchor
657,seen,411.0,飲料 ｶﾝﾍﾟｯﾄ,657,1107.0,チェリオ,4902074008561.0,ﾁｪﾘｵ ﾗｲﾌｶﾞｰﾄﾞ 350CN,1.0,飲料,anchor
658,seen,411.0,飲料 ｶﾝﾍﾟｯﾄ,658,1107.0,チェリオ,4902074008561.0,ﾁｪﾘｵ ﾗｲﾌｶﾞｰﾄﾞ 350CN,1.0,飲料,query
659,seen,411.0,飲料 ｶﾝﾍﾟｯﾄ,659,1107.0,チェリオ,4902074008561.0,ﾁｪﾘｵ ﾗｲﾌｶﾞｰﾄﾞ 350CN,1.0,飲料,query
660,seen,411.0,飲料 ｶﾝﾍﾟｯﾄ,660,1107.0,チェリオ,4902074008561.0,ﾁｪﾘｵ ﾗｲﾌｶﾞｰﾄﾞ 350CN,1.0,飲料,anchor
661,seen,411.0,飲料 ｶﾝﾍﾟｯﾄ,661,1107.0,チェリオ,4902074008561.0,ﾁｪﾘｵ ﾗｲﾌｶﾞｰﾄﾞ 350CN,1.0,飲料,anchor
662,seen,411.0,飲料 ｶﾝﾍﾟｯﾄ,662,1107.0,チェリオ,4902074008561.0,ﾁｪﾘｵ ﾗｲﾌｶﾞｰﾄﾞ 350CN,1.0,飲料,query
663,seen,411.0,飲料 ｶﾝﾍﾟｯﾄ,663,1107.0,チェリオ,4902074008561.0,ﾁｪﾘｵ ﾗｲﾌｶﾞｰﾄﾞ 350CN,1.0,飲料,anchor
664,seen,411.0,飲料 ｶﾝﾍﾟｯﾄ,664,1107.0,チェリオ,4902074008561.0,ﾁｪﾘｵ ﾗｲﾌｶﾞｰﾄﾞ 350CN,1.0,飲料,query
665,seen,411.0,飲料 ｶﾝﾍﾟｯﾄ,665,1103.0,ダイドードリンコ株式会社,4904910046256.0,DYD ﾃﾞﾐﾀｽｺｰﾋｰﾌﾟﾚﾐｱﾑ 150CN,1.0,飲料,anchor
666,seen,411.0,飲料 ｶﾝﾍﾟｯﾄ,666,1103.0,ダイドードリンコ株式会社,4904910046256.0,DYD ﾃﾞﾐﾀｽｺｰﾋｰﾌﾟﾚﾐｱﾑ 150CN,1.0,飲料,query
667,seen,411.0,飲料 ｶﾝﾍﾟｯﾄ,667,1103.0,ダイドードリンコ株式会社,4904910046256.0,DYD ﾃﾞﾐﾀｽｺｰﾋｰﾌﾟﾚﾐｱﾑ 150CN,1.0,飲料,anchor
668,seen,411.0,飲料 ｶﾝﾍﾟｯﾄ,668,1103.0,ダイドードリンコ株式会社,4904910046256.0,DYD ﾃﾞﾐﾀｽｺｰﾋｰﾌﾟﾚﾐｱﾑ 150CN,1.0,飲料,anchor
669,seen,411.0,飲料 ｶﾝﾍﾟｯﾄ,669,1103.0,ダイドードリンコ株式会社,4904910046256.0,DYD ﾃﾞﾐﾀｽｺｰﾋｰﾌﾟﾚﾐｱﾑ 150CN,1.0,飲料,anchor
670,seen,411.0,飲料 ｶﾝﾍﾟｯﾄ,670,1103.0,ダイドードリンコ株式会社,4904910046256.0,DYD ﾃﾞﾐﾀｽｺｰﾋｰﾌﾟﾚﾐｱﾑ 150CN,1.0,飲料,anchor
671,seen,411.0,飲料 ｶﾝﾍﾟｯﾄ,671,1103.0,ダイドードリンコ株式会社,4904910046256.0,DYD ﾃﾞﾐﾀｽｺｰﾋｰﾌﾟﾚﾐｱﾑ 150CN,1.0,飲料,anchor
672,seen,411.0,飲料 ｶﾝﾍﾟｯﾄ,672,1103.0,ダイドードリンコ株式会社,4904910046256.0,DYD ﾃﾞﾐﾀｽｺｰﾋｰﾌﾟﾚﾐｱﾑ 150CN,1.0,飲料,query
673,seen,411.0,飲料 ｶﾝﾍﾟｯﾄ,673,1103.0,ダイドードリンコ株式会社,4904910046256.0,DYD ﾃﾞﾐﾀｽｺｰﾋｰﾌﾟﾚﾐｱﾑ 150CN,1.0,飲料,query
674,seen,411.0,飲料 ｶﾝﾍﾟｯﾄ,674,1103.0,ダイドードリンコ株式会社,4904910046256.0,DYD ﾃﾞﾐﾀｽｺｰﾋｰﾌﾟﾚﾐｱﾑ 150CN,1.0,飲料,anchor
675,seen,411.0,飲料 ｶﾝﾍﾟｯﾄ,675,1103.0,ダイドードリンコ株式会社,4904910046256.0,DYD ﾃﾞﾐﾀｽｺｰﾋｰﾌﾟﾚﾐｱﾑ 150CN,1.0,飲料,anchor
676,seen,411.0,飲料 ｶﾝﾍﾟｯﾄ,676,1103.0,ダイドードリンコ株式会社,4904910046256.0,DYD ﾃﾞﾐﾀｽｺｰﾋｰﾌﾟﾚﾐｱﾑ 150CN,1.0,飲料,query
677,seen,411.0,飲料 ｶﾝﾍﾟｯﾄ,677,1103.0,ダイドードリンコ株式会社,4904910046256.0,DYD ﾃﾞﾐﾀｽｺｰﾋｰﾌﾟﾚﾐｱﾑ 150CN,1.0,飲料,query
678,seen,411.0,飲料 ｶﾝﾍﾟｯﾄ,678,1103.0,ダイドードリンコ株式会社,4904910046256.0,DYD ﾃﾞﾐﾀｽｺｰﾋｰﾌﾟﾚﾐｱﾑ 150CN,1.0,飲料,anchor
679,seen,411.0,飲料 ｶﾝﾍﾟｯﾄ,679,1103.0,ダイドードリンコ株式会社,4904910046256.0,DYD ﾃﾞﾐﾀｽｺｰﾋｰﾌﾟﾚﾐｱﾑ 150CN,1.0,飲料,anchor
680,seen,414.0,飲料 ﾄﾞﾘﾝｸ･ﾊﾟｳﾁ,680,1038.0,大正製薬株式会社,4987306003392.0,大正 ﾘﾎﾟﾋﾞﾀﾝD 100BN,5.0,栄養保健,query
681,seen,414.0,飲料 ﾄﾞﾘﾝｸ･ﾊﾟｳﾁ,681,1038.0,大正製薬株式会社,4987306003392.0,大正 ﾘﾎﾟﾋﾞﾀﾝD 100BN,5.0,栄養保健,query
682,seen,414.0,飲料 ﾄﾞﾘﾝｸ･ﾊﾟｳﾁ,682,1038.0,大正製薬株式会社,4987306003392.0,大正 ﾘﾎﾟﾋﾞﾀﾝD 100BN,5.0,栄養保健,anchor
683,seen,414.0,飲料 ﾄﾞﾘﾝｸ･ﾊﾟｳﾁ,683,1038.0,大正製薬株式会社,4987306003392.0,大正 ﾘﾎﾟﾋﾞﾀﾝD 100BN,5.0,栄養保健,anchor
684,seen,414.0,飲料 ﾄﾞﾘﾝｸ･ﾊﾟｳﾁ,684,1038.0,大正製薬株式会社,4987306003392.0,大正 ﾘﾎﾟﾋﾞﾀﾝD 100BN,5.0,栄養保健,query
685,seen,414.0,飲料 ﾄﾞﾘﾝｸ･ﾊﾟｳﾁ,685,1038.0,大正製薬株式会社,4987306003392.0,大正 ﾘﾎﾟﾋﾞﾀﾝD 100BN,5.0,栄養保健,anchor
686,seen,414.0,飲料 ﾄﾞﾘﾝｸ･ﾊﾟｳﾁ,686,1038.0,大正製薬株式会社,4987306003392.0,大正 ﾘﾎﾟﾋﾞﾀﾝD 100BN,5.0,栄養保健,query
687,seen,414.0,飲料 ﾄﾞﾘﾝｸ･ﾊﾟｳﾁ,687,1038.0,大正製薬株式会社,4987306003392.0,大正 ﾘﾎﾟﾋﾞﾀﾝD 100BN,5.0,栄養保健,query
688,seen,414.0,飲料 ﾄﾞﾘﾝｸ･ﾊﾟｳﾁ,688,1038.0,大正製薬株式会社,4987306003392.0,大正 ﾘﾎﾟﾋﾞﾀﾝD 100BN,5.0,栄養保健,anchor
689,seen,414.0,飲料 ﾄﾞﾘﾝｸ･ﾊﾟｳﾁ,689,1038.0,大正製薬株式会社,4987306003392.0,大正 ﾘﾎﾟﾋﾞﾀﾝD 100BN,5.0,栄養保健,anchor
690,seen,414.0,飲料 ﾄﾞﾘﾝｸ･ﾊﾟｳﾁ,690,1038.0,大正製薬株式会社,4987306003392.0,大正 ﾘﾎﾟﾋﾞﾀﾝD 100BN,5.0,栄養保健,anchor
691,seen,414.0,飲料 ﾄﾞﾘﾝｸ･ﾊﾟｳﾁ,691,1038.0,大正製薬株式会社,4987306003392.0,大正 ﾘﾎﾟﾋﾞﾀﾝD 100BN,5.0,栄養保健,anchor
692,seen,414.0,飲料 ﾄﾞﾘﾝｸ･ﾊﾟｳﾁ,692,1038.0,大正製薬株式会社,4987306003392.0,大正 ﾘﾎﾟﾋﾞﾀﾝD 100BN,5.0,栄養保健,anchor
693,seen,414.0,飲料 ﾄﾞﾘﾝｸ･ﾊﾟｳﾁ,693,1038.0,大正製薬株式会社,4987306003392.0,大正 ﾘﾎﾟﾋﾞﾀﾝD 100BN,5.0,栄養保健,query
694,seen,414.0,飲料 ﾄﾞﾘﾝｸ･ﾊﾟｳﾁ,694,1038.0,大正製薬株式会社,4987306003392.0,大正 ﾘﾎﾟﾋﾞﾀﾝD 100BN,5.0,栄養保健,anchor
695,seen,101.0,ｶﾞﾑ･飴･ｸﾞﾐ,695,1017.0,株式会社 ロッテ,49777642.0,ﾛｯﾃ ﾊﾁﾐﾂｶﾘﾝのど飴 11BX,3.0,菓子,anchor
696,seen,101.0,ｶﾞﾑ･飴･ｸﾞﾐ,696,1017.0,株式会社 ロッテ,49777642.0,ﾛｯﾃ ﾊﾁﾐﾂｶﾘﾝのど飴 11BX,3.0,菓子,anchor
697,seen,101.0,ｶﾞﾑ･飴･ｸﾞﾐ,697,1017.0,株式会社 ロッテ,49777642.0,ﾛｯﾃ ﾊﾁﾐﾂｶﾘﾝのど飴 11BX,3.0,菓子,anchor
698,seen,101.0,ｶﾞﾑ･飴･ｸﾞﾐ,698,1017.0,株式会社 ロッテ,49777642.0,ﾛｯﾃ ﾊﾁﾐﾂｶﾘﾝのど飴 11BX,3.0,菓子,anchor
699,seen,101.0,ｶﾞﾑ･飴･ｸﾞﾐ,699,1017.0,株式会社 ロッテ,49777642.0,ﾛｯﾃ ﾊﾁﾐﾂｶﾘﾝのど飴 11BX,3.0,菓子,anchor
700,seen,414.0,飲料 ﾄﾞﾘﾝｸ･ﾊﾟｳﾁ,700,1029.0,大塚製薬株式会社,4987035089315.0,大塚 ｵﾛﾅﾐﾝCﾄﾞﾘﾝｸ 120BN,5.0,栄養保健,anchor
701,seen,414.0,飲料 ﾄﾞﾘﾝｸ･ﾊﾟｳﾁ,701,1029.0,大塚製薬株式会社,4987035089315.0,大塚 ｵﾛﾅﾐﾝCﾄﾞﾘﾝｸ 120BN,5.0,栄養保健,query
702,seen,414.0,飲料 ﾄﾞﾘﾝｸ･ﾊﾟｳﾁ,702,1029.0,大塚製薬株式会社,4987035089315.0,大塚 ｵﾛﾅﾐﾝCﾄﾞﾘﾝｸ 120BN,5.0,栄養保健,anchor
703,seen,414.0,飲料 ﾄﾞﾘﾝｸ･ﾊﾟｳﾁ,703,1029.0,大塚製薬株式会社,4987035089315.0,大塚 ｵﾛﾅﾐﾝCﾄﾞﾘﾝｸ 120BN,5.0,栄養保健,query
704,seen,414.0,飲料 ﾄﾞﾘﾝｸ･ﾊﾟｳﾁ,704,1029.0,大塚製薬株式会社,4987035089315.0,大塚 ｵﾛﾅﾐﾝCﾄﾞﾘﾝｸ 120BN,5.0,栄養保健,anchor
705,seen,414.0,飲料 ﾄﾞﾘﾝｸ･ﾊﾟｳﾁ,705,1029.0,大塚製薬株式会社,4987035089315.0,大塚 ｵﾛﾅﾐﾝCﾄﾞﾘﾝｸ 120BN,5.0,栄養保健,query
706,seen,414.0,飲料 ﾄﾞﾘﾝｸ･ﾊﾟｳﾁ,706,1029.0,大塚製薬株式会社,4987035089315.0,大塚 ｵﾛﾅﾐﾝCﾄﾞﾘﾝｸ 120BN,5.0,栄養保健,anchor
707,seen,414.0,飲料 ﾄﾞﾘﾝｸ･ﾊﾟｳﾁ,707,1029.0,大塚製薬株式会社,4987035089315.0,大塚 ｵﾛﾅﾐﾝCﾄﾞﾘﾝｸ 120BN,5.0,栄養保健,anchor
708,seen,414.0,飲料 ﾄﾞﾘﾝｸ･ﾊﾟｳﾁ,708,1029.0,大塚製薬株式会社,4987035089315.0,大塚 ｵﾛﾅﾐﾝCﾄﾞﾘﾝｸ 120BN,5.0,栄養保健,query
709,seen,414.0,飲料 ﾄﾞﾘﾝｸ･ﾊﾟｳﾁ,709,1029.0,大塚製薬株式会社,4987035089315.0,大塚 ｵﾛﾅﾐﾝCﾄﾞﾘﾝｸ 120BN,5.0,栄養保健,anchor
710,seen,414.0,飲料 ﾄﾞﾘﾝｸ･ﾊﾟｳﾁ,710,1029.0,大塚製薬株式会社,4987035089315.0,大塚 ｵﾛﾅﾐﾝCﾄﾞﾘﾝｸ 120BN,5.0,栄養保健,anchor
711,seen,414.0,飲料 ﾄﾞﾘﾝｸ･ﾊﾟｳﾁ,711,1029.0,大塚製薬株式会社,4987035089315.0,大塚 ｵﾛﾅﾐﾝCﾄﾞﾘﾝｸ 120BN,5.0,栄養保健,anchor
712,seen,414.0,飲料 ﾄﾞﾘﾝｸ･ﾊﾟｳﾁ,712,1029.0,大塚製薬株式会社,4987035089315.0,大塚 ｵﾛﾅﾐﾝCﾄﾞﾘﾝｸ 120BN,5.0,栄養保健,anchor
713,seen,414.0,飲料 ﾄﾞﾘﾝｸ･ﾊﾟｳﾁ,713,1029.0,大塚製薬株式会社,4987035089315.0,大塚 ｵﾛﾅﾐﾝCﾄﾞﾘﾝｸ 120BN,5.0,栄養保健,anchor
714,seen,414.0,飲料 ﾄﾞﾘﾝｸ･ﾊﾟｳﾁ,714,1029.0,大塚製薬株式会社,4987035089315.0,大塚 ｵﾛﾅﾐﾝCﾄﾞﾘﾝｸ 120BN,5.0,栄養保健,query
715,unseen,412.0,飲料 ﾊﾟｯｸ,715,1060.0,株式会社 紀文,4930726100349.0,豆乳飲料バナナ,1.0,飲料,query
716,unseen,412.0,飲料 ﾊﾟｯｸ,716,1060.0,株式会社 紀文,4930726100349.0,豆乳飲料バナナ,1.0,飲料,query
717,unseen,412.0,飲料 ﾊﾟｯｸ,717,1060.0,株式会社 紀文,4930726100349.0,豆乳飲料バナナ,1.0,飲料,anchor
718,unseen,412.0,飲料 ﾊﾟｯｸ,718,1060.0,株式会社 紀文,4930726100349.0,豆乳飲料バナナ,1.0,飲料,anchor
719,unseen,412.0,飲料 ﾊﾟｯｸ,719,1060.0,株式会社 紀文,4930726100349.0,豆乳飲料バナナ,1.0,飲料,anchor
720,seen,411.0,飲料 ｶﾝﾍﾟｯﾄ,720,1108.0,富永貿易,4936790527556.0,富永 ﾙｲﾎﾞｽﾃｨｰ 500PT,1.0,飲料,anchor
721,seen,411.0,飲料 ｶﾝﾍﾟｯﾄ,721,1108.0,富永貿易,4936790527556.0,富永 ﾙｲﾎﾞｽﾃｨｰ 500PT,1.0,飲料,anchor
722,seen,411.0,飲料 ｶﾝﾍﾟｯﾄ,722,1108.0,富永貿易,4936790527556.0,富永 ﾙｲﾎﾞｽﾃｨｰ 500PT,1.0,飲料,anchor
723,seen,411.0,飲料 ｶﾝﾍﾟｯﾄ,723,1108.0,富永貿易,4936790527556.0,富永 ﾙｲﾎﾞｽﾃｨｰ 500PT,1.0,飲料,anchor
724,seen,411.0,飲料 ｶﾝﾍﾟｯﾄ,724,1108.0,富永貿易,4936790527556.0,富永 ﾙｲﾎﾞｽﾃｨｰ 500PT,1.0,飲料,query
725,seen,411.0,飲料 ｶﾝﾍﾟｯﾄ,725,1108.0,富永貿易,4936790527556.0,富永 ﾙｲﾎﾞｽﾃｨｰ 500PT,1.0,飲料,anchor
726,seen,411.0,飲料 ｶﾝﾍﾟｯﾄ,726,1108.0,富永貿易,4936790527556.0,富永 ﾙｲﾎﾞｽﾃｨｰ 500PT,1.0,飲料,anchor
727,seen,411.0,飲料 ｶﾝﾍﾟｯﾄ,727,1108.0,富永貿易,4936790527556.0,富永 ﾙｲﾎﾞｽﾃｨｰ 500PT,1.0,飲料,query
728,seen,411.0,飲料 ｶﾝﾍﾟｯﾄ,728,1108.0,富永貿易,4936790527556.0,富永 ﾙｲﾎﾞｽﾃｨｰ 500PT,1.0,飲料,anchor
729,seen,411.0,飲料 ｶﾝﾍﾟｯﾄ,729,1108.0,富永貿易,4936790527556.0,富永 ﾙｲﾎﾞｽﾃｨｰ 500PT,1.0,飲料,query
730,seen,411.0,飲料 ｶﾝﾍﾟｯﾄ,730,1108.0,富永貿易,4936790527556.0,富永 ﾙｲﾎﾞｽﾃｨｰ 500PT,1.0,飲料,anchor
731,seen,411.0,飲料 ｶﾝﾍﾟｯﾄ,731,1108.0,富永貿易,4936790527556.0,富永 ﾙｲﾎﾞｽﾃｨｰ 500PT,1.0,飲料,anchor
732,seen,411.0,飲料 ｶﾝﾍﾟｯﾄ,732,1108.0,富永貿易,4936790527556.0,富永 ﾙｲﾎﾞｽﾃｨｰ 500PT,1.0,飲料,query
733,seen,411.0,飲料 ｶﾝﾍﾟｯﾄ,733,1108.0,富永貿易,4936790527556.0,富永 ﾙｲﾎﾞｽﾃｨｰ 500PT,1.0,飲料,query
734,seen,411.0,飲料 ｶﾝﾍﾟｯﾄ,734,1108.0,富永貿易,4936790527556.0,富永 ﾙｲﾎﾞｽﾃｨｰ 500PT,1.0,飲料,anchor
735,seen,411.0,飲料 ｶﾝﾍﾟｯﾄ,735,1106.0,コカ・コーラ,4902102097031.0,CC 紅茶花伝 ロイヤルミルクティー 470PT,1.0,飲料,anchor
736,seen,411.0,飲料 ｶﾝﾍﾟｯﾄ,736,1106.0,コカ・コーラ,4902102097031.0,CC 紅茶花伝 ロイヤルミルクティー 470PT,1.0,飲料,anchor
737,seen,411.0,飲料 ｶﾝﾍﾟｯﾄ,737,1106.0,コカ・コーラ,4902102097031.0,CC 紅茶花伝 ロイヤルミルクティー 470PT,1.0,飲料,anchor
738,seen,411.0,飲料 ｶﾝﾍﾟｯﾄ,738,1106.0,コカ・コーラ,4902102097031.0,CC 紅茶花伝 ロイヤルミルクティー 470PT,1.0,飲料,anchor
739,seen,411.0,飲料 ｶﾝﾍﾟｯﾄ,739,1106.0,コカ・コーラ,4902102097031.0,CC 紅茶花伝 ロイヤルミルクティー 470PT,1.0,飲料,anchor
740,seen,411.0,飲料 ｶﾝﾍﾟｯﾄ,740,1106.0,コカ・コーラ,4902102097031.0,CC 紅茶花伝 ロイヤルミルクティー 470PT,1.0,飲料,anchor
741,seen,411.0,飲料 ｶﾝﾍﾟｯﾄ,741,1106.0,コカ・コーラ,4902102097031.0,CC 紅茶花伝 ロイヤルミルクティー 470PT,1.0,飲料,query
742,seen,411.0,飲料 ｶﾝﾍﾟｯﾄ,742,1106.0,コカ・コーラ,4902102097031.0,CC 紅茶花伝 ロイヤルミルクティー 470PT,1.0,飲料,anchor
743,seen,411.0,飲料 ｶﾝﾍﾟｯﾄ,743,1106.0,コカ・コーラ,4902102097031.0,CC 紅茶花伝 ロイヤルミルクティー 470PT,1.0,飲料,anchor
744,seen,411.0,飲料 ｶﾝﾍﾟｯﾄ,744,1106.0,コカ・コーラ,4902102097031.0,CC 紅茶花伝 ロイヤルミルクティー 470PT,1.0,飲料,anchor
745,seen,411.0,飲料 ｶﾝﾍﾟｯﾄ,745,1106.0,コカ・コーラ,4902102097031.0,CC 紅茶花伝 ロイヤルミルクティー 470PT,1.0,飲料,anchor
746,seen,411.0,飲料 ｶﾝﾍﾟｯﾄ,746,1106.0,コカ・コーラ,4902102097031.0,CC 紅茶花伝 ロイヤルミルクティー 470PT,1.0,飲料,anchor
747,seen,411.0,飲料 ｶﾝﾍﾟｯﾄ,747,1106.0,コカ・コーラ,4902102097031.0,CC 紅茶花伝 ロイヤルミルクティー 470PT,1.0,飲料,anchor
748,seen,411.0,飲料 ｶﾝﾍﾟｯﾄ,748,1106.0,コカ・コーラ,4902102097031.0,CC 紅茶花伝 ロイヤルミルクティー 470PT,1.0,飲料,anchor
749,seen,411.0,飲料 ｶﾝﾍﾟｯﾄ,749,1106.0,コカ・コーラ,4902102097031.0,CC 紅茶花伝 ロイヤルミルクティー 470PT,1.0,飲料,anchor
750,unseen,411.0,飲料 ｶﾝﾍﾟｯﾄ,750,1108.0,富永貿易,4936790517250.0,富永 ふんわりｶﾌｪﾗｯﾃ 185CN,1.0,飲料,anchor
751,unseen,411.0,飲料 ｶﾝﾍﾟｯﾄ,751,1108.0,富永貿易,4936790517250.0,富永 ふんわりｶﾌｪﾗｯﾃ 185CN,1.0,飲料,anchor
752,unseen,411.0,飲料 ｶﾝﾍﾟｯﾄ,752,1108.0,富永貿易,4936790517250.0,富永 ふんわりｶﾌｪﾗｯﾃ 185CN,1.0,飲料,anchor
753,unseen,411.0,飲料 ｶﾝﾍﾟｯﾄ,753,1108.0,富永貿易,4936790517250.0,富永 ふんわりｶﾌｪﾗｯﾃ 185CN,1.0,飲料,anchor
754,unseen,411.0,飲料 ｶﾝﾍﾟｯﾄ,754,1108.0,富永貿易,4936790517250.0,富永 ふんわりｶﾌｪﾗｯﾃ 185CN,1.0,飲料,query
755,unseen,411.0,飲料 ｶﾝﾍﾟｯﾄ,755,1108.0,富永貿易,4936790517250.0,富永 ふんわりｶﾌｪﾗｯﾃ 185CN,1.0,飲料,anchor
756,unseen,411.0,飲料 ｶﾝﾍﾟｯﾄ,756,1108.0,富永貿易,4936790517250.0,富永 ふんわりｶﾌｪﾗｯﾃ 185CN,1.0,飲料,anchor
757,unseen,411.0,飲料 ｶﾝﾍﾟｯﾄ,757,1108.0,富永貿易,4936790517250.0,富永 ふんわりｶﾌｪﾗｯﾃ 185CN,1.0,飲料,anchor
758,unseen,411.0,飲料 ｶﾝﾍﾟｯﾄ,758,1108.0,富永貿易,4936790517250.0,富永 ふんわりｶﾌｪﾗｯﾃ 185CN,1.0,飲料,anchor
759,unseen,411.0,飲料 ｶﾝﾍﾟｯﾄ,759,1108.0,富永貿易,4936790517250.0,富永 ふんわりｶﾌｪﾗｯﾃ 185CN,1.0,飲料,query
760,unseen,411.0,飲料 ｶﾝﾍﾟｯﾄ,760,1108.0,富永貿易,4936790517250.0,富永 ふんわりｶﾌｪﾗｯﾃ 185CN,1.0,飲料,anchor
761,unseen,411.0,飲料 ｶﾝﾍﾟｯﾄ,761,1108.0,富永貿易,4936790517250.0,富永 ふんわりｶﾌｪﾗｯﾃ 185CN,1.0,飲料,anchor
762,unseen,411.0,飲料 ｶﾝﾍﾟｯﾄ,762,1108.0,富永貿易,4936790517250.0,富永 ふんわりｶﾌｪﾗｯﾃ 185CN,1.0,飲料,query
763,unseen,411.0,飲料 ｶﾝﾍﾟｯﾄ,763,1108.0,富永貿易,4936790517250.0,富永 ふんわりｶﾌｪﾗｯﾃ 185CN,1.0,飲料,anchor
764,unseen,411.0,飲料 ｶﾝﾍﾟｯﾄ,764,1108.0,富永貿易,4936790517250.0,富永 ふんわりｶﾌｪﾗｯﾃ 185CN,1.0,飲料,query
765,seen,123.0,ﾁｮｺﾚｰﾄ ﾊﾞﾗ 冷蔵,765,1017.0,株式会社 ロッテ,4903333056118.0,ﾛｯﾃ ﾁｮｺﾊﾟｲ 9P 1個,3.0,菓子,anchor
766,seen,123.0,ﾁｮｺﾚｰﾄ ﾊﾞﾗ 冷蔵,766,1017.0,株式会社 ロッテ,4903333056118.0,ﾛｯﾃ ﾁｮｺﾊﾟｲ 9P 1個,3.0,菓子,anchor
767,seen,123.0,ﾁｮｺﾚｰﾄ ﾊﾞﾗ 冷蔵,767,1017.0,株式会社 ロッテ,4903333056118.0,ﾛｯﾃ ﾁｮｺﾊﾟｲ 9P 1個,3.0,菓子,anchor
768,seen,123.0,ﾁｮｺﾚｰﾄ ﾊﾞﾗ 冷蔵,768,1017.0,株式会社 ロッテ,4903333056118.0,ﾛｯﾃ ﾁｮｺﾊﾟｲ 9P 1個,3.0,菓子,anchor
769,seen,123.0,ﾁｮｺﾚｰﾄ ﾊﾞﾗ 冷蔵,769,1017.0,株式会社 ロッテ,4903333056118.0,ﾛｯﾃ ﾁｮｺﾊﾟｲ 9P 1個,3.0,菓子,anchor
770,unseen,123.0,ﾁｮｺﾚｰﾄ ﾊﾞﾗ 冷蔵,770,1100.0,フルタ製菓株式会社,49750133.0,ﾌﾙﾀ ｾｺｲﾔｲﾁｺﾞCP,3.0,菓子,anchor
771,unseen,123.0,ﾁｮｺﾚｰﾄ ﾊﾞﾗ 冷蔵,771,1100.0,フルタ製菓株式会社,49750133.0,ﾌﾙﾀ ｾｺｲﾔｲﾁｺﾞCP,3.0,菓子,query
772,unseen,123.0,ﾁｮｺﾚｰﾄ ﾊﾞﾗ 冷蔵,772,1100.0,フルタ製菓株式会社,49750133.0,ﾌﾙﾀ ｾｺｲﾔｲﾁｺﾞCP,3.0,菓子,anchor
773,unseen,123.0,ﾁｮｺﾚｰﾄ ﾊﾞﾗ 冷蔵,773,1100.0,フルタ製菓株式会社,49750133.0,ﾌﾙﾀ ｾｺｲﾔｲﾁｺﾞCP,3.0,菓子,anchor
774,unseen,123.0,ﾁｮｺﾚｰﾄ ﾊﾞﾗ 冷蔵,774,1100.0,フルタ製菓株式会社,49750133.0,ﾌﾙﾀ ｾｺｲﾔｲﾁｺﾞCP,3.0,菓子,anchor
775,seen,411.0,飲料 ｶﾝﾍﾟｯﾄ,775,1078.0,サントリーフーズ株式会社,4901777285491.0,SNF 天然水 朝摘みｵﾚﾝｼﾞ 540PT,1.0,飲料,query
776,seen,411.0,飲料 ｶﾝﾍﾟｯﾄ,776,1078.0,サントリーフーズ株式会社,4901777285491.0,SNF 天然水 朝摘みｵﾚﾝｼﾞ 540PT,1.0,飲料,anchor
777,seen,411.0,飲料 ｶﾝﾍﾟｯﾄ,777,1078.0,サントリーフーズ株式会社,4901777285491.0,SNF 天然水 朝摘みｵﾚﾝｼﾞ 540PT,1.0,飲料,anchor
778,seen,411.0,飲料 ｶﾝﾍﾟｯﾄ,778,1078.0,サントリーフーズ株式会社,4901777285491.0,SNF 天然水 朝摘みｵﾚﾝｼﾞ 540PT,1.0,飲料,anchor
779,seen,411.0,飲料 ｶﾝﾍﾟｯﾄ,779,1078.0,サントリーフーズ株式会社,4901777285491.0,SNF 天然水 朝摘みｵﾚﾝｼﾞ 540PT,1.0,飲料,anchor
780,seen,411.0,飲料 ｶﾝﾍﾟｯﾄ,780,1078.0,サントリーフーズ株式会社,4901777285491.0,SNF 天然水 朝摘みｵﾚﾝｼﾞ 540PT,1.0,飲料,anchor
781,seen,411.0,飲料 ｶﾝﾍﾟｯﾄ,781,1078.0,サントリーフーズ株式会社,4901777285491.0,SNF 天然水 朝摘みｵﾚﾝｼﾞ 540PT,1.0,飲料,query
782,seen,411.0,飲料 ｶﾝﾍﾟｯﾄ,782,1078.0,サントリーフーズ株式会社,4901777285491.0,SNF 天然水 朝摘みｵﾚﾝｼﾞ 540PT,1.0,飲料,query
783,seen,411.0,飲料 ｶﾝﾍﾟｯﾄ,783,1078.0,サントリーフーズ株式会社,4901777285491.0,SNF 天然水 朝摘みｵﾚﾝｼﾞ 540PT,1.0,飲料,anchor
784,seen,411.0,飲料 ｶﾝﾍﾟｯﾄ,784,1078.0,サントリーフーズ株式会社,4901777285491.0,SNF 天然水 朝摘みｵﾚﾝｼﾞ 540PT,1.0,飲料,anchor
785,seen,411.0,飲料 ｶﾝﾍﾟｯﾄ,785,1078.0,サントリーフーズ株式会社,4901777285491.0,SNF 天然水 朝摘みｵﾚﾝｼﾞ 540PT,1.0,飲料,anchor
786,seen,411.0,飲料 ｶﾝﾍﾟｯﾄ,786,1078.0,サントリーフーズ株式会社,4901777285491.0,SNF 天然水 朝摘みｵﾚﾝｼﾞ 540PT,1.0,飲料,anchor
787,seen,411.0,飲料 ｶﾝﾍﾟｯﾄ,787,1078.0,サントリーフーズ株式会社,4901777285491.0,SNF 天然水 朝摘みｵﾚﾝｼﾞ 540PT,1.0,飲料,anchor
788,seen,411.0,飲料 ｶﾝﾍﾟｯﾄ,788,1078.0,サントリーフーズ株式会社,4901777285491.0,SNF 天然水 朝摘みｵﾚﾝｼﾞ 540PT,1.0,飲料,anchor
789,seen,411.0,飲料 ｶﾝﾍﾟｯﾄ,789,1078.0,サントリーフーズ株式会社,4901777285491.0,SNF 天然水 朝摘みｵﾚﾝｼﾞ 540PT,1.0,飲料,anchor
790,seen,411.0,飲料 ｶﾝﾍﾟｯﾄ,790,1078.0,サントリーフーズ株式会社,4901777285491.0,SNF 天然水 朝摘みｵﾚﾝｼﾞ 540PT,1.0,飲料,anchor
791,seen,411.0,飲料 ｶﾝﾍﾟｯﾄ,791,1078.0,サントリーフーズ株式会社,4901777285491.0,SNF 天然水 朝摘みｵﾚﾝｼﾞ 540PT,1.0,飲料,anchor
792,seen,411.0,飲料 ｶﾝﾍﾟｯﾄ,792,1078.0,サントリーフーズ株式会社,4901777285491.0,SNF 天然水 朝摘みｵﾚﾝｼﾞ 540PT,1.0,飲料,anchor
793,seen,411.0,飲料 ｶﾝﾍﾟｯﾄ,793,1078.0,サントリーフーズ株式会社,4901777285491.0,SNF 天然水 朝摘みｵﾚﾝｼﾞ 540PT,1.0,飲料,anchor
794,seen,411.0,飲料 ｶﾝﾍﾟｯﾄ,794,1078.0,サントリーフーズ株式会社,4901777285491.0,SNF 天然水 朝摘みｵﾚﾝｼﾞ 540PT,1.0,飲料,anchor
795,unseen,411.0,飲料 ｶﾝﾍﾟｯﾄ,795,1037.0,キリンビバレッジ株式会社,4909411069575.0,ｷﾘﾝ ﾒｯﾂﾌﾟﾗｽ ﾚﾓﾝｽｶｯｼｭ 480PT,1.0,飲料,query
796,unseen,411.0,飲料 ｶﾝﾍﾟｯﾄ,796,1037.0,キリンビバレッジ株式会社,4909411069575.0,ｷﾘﾝ ﾒｯﾂﾌﾟﾗｽ ﾚﾓﾝｽｶｯｼｭ 480PT,1.0,飲料,anchor
797,unseen,411.0,飲料 ｶﾝﾍﾟｯﾄ,797,1037.0,キリンビバレッジ株式会社,4909411069575.0,ｷﾘﾝ ﾒｯﾂﾌﾟﾗｽ ﾚﾓﾝｽｶｯｼｭ 480PT,1.0,飲料,anchor
798,unseen,411.0,飲料 ｶﾝﾍﾟｯﾄ,798,1037.0,キリンビバレッジ株式会社,4909411069575.0,ｷﾘﾝ ﾒｯﾂﾌﾟﾗｽ ﾚﾓﾝｽｶｯｼｭ 480PT,1.0,飲料,query
799,unseen,411.0,飲料 ｶﾝﾍﾟｯﾄ,799,1037.0,キリンビバレッジ株式会社,4909411069575.0,ｷﾘﾝ ﾒｯﾂﾌﾟﾗｽ ﾚﾓﾝｽｶｯｼｭ 480PT,1.0,飲料,query
800,unseen,411.0,飲料 ｶﾝﾍﾟｯﾄ,800,1037.0,キリンビバレッジ株式会社,4909411069575.0,ｷﾘﾝ ﾒｯﾂﾌﾟﾗｽ ﾚﾓﾝｽｶｯｼｭ 480PT,1.0,飲料,query
801,unseen,411.0,飲料 ｶﾝﾍﾟｯﾄ,801,1037.0,キリンビバレッジ株式会社,4909411069575.0,ｷﾘﾝ ﾒｯﾂﾌﾟﾗｽ ﾚﾓﾝｽｶｯｼｭ 480PT,1.0,飲料,anchor
802,unseen,411.0,飲料 ｶﾝﾍﾟｯﾄ,802,1037.0,キリンビバレッジ株式会社,4909411069575.0,ｷﾘﾝ ﾒｯﾂﾌﾟﾗｽ ﾚﾓﾝｽｶｯｼｭ 480PT,1.0,飲料,query
803,unseen,411.0,飲料 ｶﾝﾍﾟｯﾄ,803,1037.0,キリンビバレッジ株式会社,4909411069575.0,ｷﾘﾝ ﾒｯﾂﾌﾟﾗｽ ﾚﾓﾝｽｶｯｼｭ 480PT,1.0,飲料,query
804,unseen,411.0,飲料 ｶﾝﾍﾟｯﾄ,804,1037.0,キリンビバレッジ株式会社,4909411069575.0,ｷﾘﾝ ﾒｯﾂﾌﾟﾗｽ ﾚﾓﾝｽｶｯｼｭ 480PT,1.0,飲料,query
805,unseen,411.0,飲料 ｶﾝﾍﾟｯﾄ,805,1037.0,キリンビバレッジ株式会社,4909411069575.0,ｷﾘﾝ ﾒｯﾂﾌﾟﾗｽ ﾚﾓﾝｽｶｯｼｭ 480PT,1.0,飲料,anchor
806,unseen,411.0,飲料 ｶﾝﾍﾟｯﾄ,806,1037.0,キリンビバレッジ株式会社,4909411069575.0,ｷﾘﾝ ﾒｯﾂﾌﾟﾗｽ ﾚﾓﾝｽｶｯｼｭ 480PT,1.0,飲料,anchor
807,unseen,411.0,飲料 ｶﾝﾍﾟｯﾄ,807,1037.0,キリンビバレッジ株式会社,4909411069575.0,ｷﾘﾝ ﾒｯﾂﾌﾟﾗｽ ﾚﾓﾝｽｶｯｼｭ 480PT,1.0,飲料,anchor
808,unseen,411.0,飲料 ｶﾝﾍﾟｯﾄ,808,1037.0,キリンビバレッジ株式会社,4909411069575.0,ｷﾘﾝ ﾒｯﾂﾌﾟﾗｽ ﾚﾓﾝｽｶｯｼｭ 480PT,1.0,飲料,query
809,unseen,411.0,飲料 ｶﾝﾍﾟｯﾄ,809,1037.0,キリンビバレッジ株式会社,4909411069575.0,ｷﾘﾝ ﾒｯﾂﾌﾟﾗｽ ﾚﾓﾝｽｶｯｼｭ 480PT,1.0,飲料,query
810,unseen,411.0,飲料 ｶﾝﾍﾟｯﾄ,810,1037.0,キリンビバレッジ株式会社,4909411069575.0,ｷﾘﾝ ﾒｯﾂﾌﾟﾗｽ ﾚﾓﾝｽｶｯｼｭ 480PT,1.0,飲料,anchor
811,unseen,412.0,飲料 ﾊﾟｯｸ,811,1060.0,株式会社 紀文,4930726100301.0,紀文 豆乳飲料 紅茶 200BP,1.0,飲料,anchor
812,unseen,412.0,飲料 ﾊﾟｯｸ,812,1060.0,株式会社 紀文,4930726100301.0,紀文 豆乳飲料 紅茶 200BP,1.0,飲料,anchor
813,seen,412.0,飲料 ﾊﾟｯｸ,813,1060.0,株式会社 紀文,4930726100301.0,紀文 豆乳飲料 紅茶 200BP,1.0,飲料,anchor
814,unseen,412.0,飲料 ﾊﾟｯｸ,814,1060.0,株式会社 紀文,4930726100301.0,紀文 豆乳飲料 紅茶 200BP,1.0,飲料,anchor
815,unseen,412.0,飲料 ﾊﾟｯｸ,815,1060.0,株式会社 紀文,4930726100301.0,紀文 豆乳飲料 紅茶 200BP,1.0,飲料,anchor
816,seen,151.0,機能性食品 常温,816,1058.0,アサヒフード&ヘルスケア株式会社,4946842521821.0,ｱｻﾋF&H ﾐﾝﾃｨｱﾌﾞﾘｰｽﾞﾘﾗｯｸｽｸﾞﾘｰﾝ 30BX,3.0,菓子,anchor
817,seen,151.0,機能性食品 常温,817,1058.0,アサヒフード&ヘルスケア株式会社,4946842521821.0,ｱｻﾋF&H ﾐﾝﾃｨｱﾌﾞﾘｰｽﾞﾘﾗｯｸｽｸﾞﾘｰﾝ 30BX,3.0,菓子,query
818,seen,151.0,機能性食品 常温,818,1058.0,アサヒフード&ヘルスケア株式会社,4946842521821.0,ｱｻﾋF&H ﾐﾝﾃｨｱﾌﾞﾘｰｽﾞﾘﾗｯｸｽｸﾞﾘｰﾝ 30BX,3.0,菓子,anchor
819,seen,151.0,機能性食品 常温,819,1058.0,アサヒフード&ヘルスケア株式会社,4946842521821.0,ｱｻﾋF&H ﾐﾝﾃｨｱﾌﾞﾘｰｽﾞﾘﾗｯｸｽｸﾞﾘｰﾝ 30BX,3.0,菓子,anchor
820,seen,151.0,機能性食品 常温,820,1058.0,アサヒフード&ヘルスケア株式会社,4946842521821.0,ｱｻﾋF&H ﾐﾝﾃｨｱﾌﾞﾘｰｽﾞﾘﾗｯｸｽｸﾞﾘｰﾝ 30BX,3.0,菓子,anchor
821,unseen,411.0,飲料 ｶﾝﾍﾟｯﾄ,821,1078.0,サントリーフーズ株式会社,4901777331723.0,SNF 天然水 白桃ﾖｰｸﾞﾘｰﾅ 550PT,1.0,飲料,query
822,unseen,411.0,飲料 ｶﾝﾍﾟｯﾄ,822,1078.0,サントリーフーズ株式会社,4901777331723.0,SNF 天然水 白桃ﾖｰｸﾞﾘｰﾅ 550PT,1.0,飲料,anchor
823,unseen,411.0,飲料 ｶﾝﾍﾟｯﾄ,823,1078.0,サントリーフーズ株式会社,4901777331723.0,SNF 天然水 白桃ﾖｰｸﾞﾘｰﾅ 550PT,1.0,飲料,query
824,unseen,411.0,飲料 ｶﾝﾍﾟｯﾄ,824,1078.0,サントリーフーズ株式会社,4901777331723.0,SNF 天然水 白桃ﾖｰｸﾞﾘｰﾅ 550PT,1.0,飲料,anchor
825,unseen,411.0,飲料 ｶﾝﾍﾟｯﾄ,825,1078.0,サントリーフーズ株式会社,4901777331723.0,SNF 天然水 白桃ﾖｰｸﾞﾘｰﾅ 550PT,1.0,飲料,anchor
826,unseen,411.0,飲料 ｶﾝﾍﾟｯﾄ,826,1078.0,サントリーフーズ株式会社,4901777331723.0,SNF 天然水 白桃ﾖｰｸﾞﾘｰﾅ 550PT,1.0,飲料,query
827,unseen,411.0,飲料 ｶﾝﾍﾟｯﾄ,827,1078.0,サントリーフーズ株式会社,4901777331723.0,SNF 天然水 白桃ﾖｰｸﾞﾘｰﾅ 550PT,1.0,飲料,anchor
828,unseen,411.0,飲料 ｶﾝﾍﾟｯﾄ,828,1078.0,サントリーフーズ株式会社,4901777331723.0,SNF 天然水 白桃ﾖｰｸﾞﾘｰﾅ 550PT,1.0,飲料,anchor
829,unseen,411.0,飲料 ｶﾝﾍﾟｯﾄ,829,1078.0,サントリーフーズ株式会社,4901777331723.0,SNF 天然水 白桃ﾖｰｸﾞﾘｰﾅ 550PT,1.0,飲料,query
830,unseen,411.0,飲料 ｶﾝﾍﾟｯﾄ,830,1078.0,サントリーフーズ株式会社,4901777331723.0,SNF 天然水 白桃ﾖｰｸﾞﾘｰﾅ 550PT,1.0,飲料,anchor
831,unseen,411.0,飲料 ｶﾝﾍﾟｯﾄ,831,1078.0,サントリーフーズ株式会社,4901777331723.0,SNF 天然水 白桃ﾖｰｸﾞﾘｰﾅ 550PT,1.0,飲料,anchor
832,unseen,411.0,飲料 ｶﾝﾍﾟｯﾄ,832,1078.0,サントリーフーズ株式会社,4901777331723.0,SNF 天然水 白桃ﾖｰｸﾞﾘｰﾅ 550PT,1.0,飲料,anchor
833,unseen,411.0,飲料 ｶﾝﾍﾟｯﾄ,833,1078.0,サントリーフーズ株式会社,4901777331723.0,SNF 天然水 白桃ﾖｰｸﾞﾘｰﾅ 550PT,1.0,飲料,query
834,unseen,411.0,飲料 ｶﾝﾍﾟｯﾄ,834,1078.0,サントリーフーズ株式会社,4901777331723.0,SNF 天然水 白桃ﾖｰｸﾞﾘｰﾅ 550PT,1.0,飲料,anchor
835,unseen,411.0,飲料 ｶﾝﾍﾟｯﾄ,835,1078.0,サントリーフーズ株式会社,4901777331723.0,SNF 天然水 白桃ﾖｰｸﾞﾘｰﾅ 550PT,1.0,飲料,anchor
836,unseen,411.0,飲料 ｶﾝﾍﾟｯﾄ,836,1078.0,サントリーフーズ株式会社,4901777331723.0,SNF 天然水 白桃ﾖｰｸﾞﾘｰﾅ 550PT,1.0,飲料,query
837,unseen,411.0,飲料 ｶﾝﾍﾟｯﾄ,837,1078.0,サントリーフーズ株式会社,4901777331723.0,SNF 天然水 白桃ﾖｰｸﾞﾘｰﾅ 550PT,1.0,飲料,anchor
838,unseen,411.0,飲料 ｶﾝﾍﾟｯﾄ,838,1078.0,サントリーフーズ株式会社,4901777331723.0,SNF 天然水 白桃ﾖｰｸﾞﾘｰﾅ 550PT,1.0,飲料,anchor
839,unseen,411.0,飲料 ｶﾝﾍﾟｯﾄ,839,1078.0,サントリーフーズ株式会社,4901777331723.0,SNF 天然水 白桃ﾖｰｸﾞﾘｰﾅ 550PT,1.0,飲料,query
840,unseen,411.0,飲料 ｶﾝﾍﾟｯﾄ,840,1078.0,サントリーフーズ株式会社,4901777331723.0,SNF 天然水 白桃ﾖｰｸﾞﾘｰﾅ 550PT,1.0,飲料,anchor
841,unseen,411.0,飲料 ｶﾝﾍﾟｯﾄ,841,1078.0,サントリーフーズ株式会社,4901777331723.0,SNF 天然水 白桃ﾖｰｸﾞﾘｰﾅ 550PT,1.0,飲料,anchor
842,unseen,411.0,飲料 ｶﾝﾍﾟｯﾄ,842,1078.0,サントリーフーズ株式会社,4901777331723.0,SNF 天然水 白桃ﾖｰｸﾞﾘｰﾅ 550PT,1.0,飲料,anchor
843,unseen,411.0,飲料 ｶﾝﾍﾟｯﾄ,843,1078.0,サントリーフーズ株式会社,4901777331723.0,SNF 天然水 白桃ﾖｰｸﾞﾘｰﾅ 550PT,1.0,飲料,anchor
844,unseen,151.0,機能性食品 常温,844,1058.0,アサヒフード&ヘルスケア株式会社,4946842505975.0,ｱｻﾋF&H ﾐﾝﾃｨｱ ﾄｺｰﾙﾄﾞｽﾏｯｼｭ 50PK,3.0,菓子,anchor
845,unseen,151.0,機能性食品 常温,845,1058.0,アサヒフード&ヘルスケア株式会社,4946842505975.0,ｱｻﾋF&H ﾐﾝﾃｨｱ ﾄｺｰﾙﾄﾞｽﾏｯｼｭ 50PK,3.0,菓子,anchor
846,unseen,151.0,機能性食品 常温,846,1058.0,アサヒフード&ヘルスケア株式会社,4946842505975.0,ｱｻﾋF&H ﾐﾝﾃｨｱ ﾄｺｰﾙﾄﾞｽﾏｯｼｭ 50PK,3.0,菓子,query
847,unseen,151.0,機能性食品 常温,847,1058.0,アサヒフード&ヘルスケア株式会社,4946842505975.0,ｱｻﾋF&H ﾐﾝﾃｨｱ ﾄｺｰﾙﾄﾞｽﾏｯｼｭ 50PK,3.0,菓子,anchor
848,unseen,151.0,機能性食品 常温,848,1058.0,アサヒフード&ヘルスケア株式会社,4946842505975.0,ｱｻﾋF&H ﾐﾝﾃｨｱ ﾄｺｰﾙﾄﾞｽﾏｯｼｭ 50PK,3.0,菓子,anchor
849,seen,122.0,ﾁｮｺﾚｰﾄ 箱・袋 冷蔵,849,1054.0,森永製菓株式会社,4902888219498.0,森永 小枝MILK,3.0,菓子,query
850,seen,122.0,ﾁｮｺﾚｰﾄ 箱・袋 冷蔵,850,1054.0,森永製菓株式会社,4902888219498.0,森永 小枝MILK,3.0,菓子,anchor
851,seen,122.0,ﾁｮｺﾚｰﾄ 箱・袋 冷蔵,851,1054.0,森永製菓株式会社,4902888219498.0,森永 小枝MILK,3.0,菓子,query
852,seen,122.0,ﾁｮｺﾚｰﾄ 箱・袋 冷蔵,852,1054.0,森永製菓株式会社,4902888219498.0,森永 小枝MILK,3.0,菓子,anchor
853,seen,122.0,ﾁｮｺﾚｰﾄ 箱・袋 冷蔵,853,1054.0,森永製菓株式会社,4902888219498.0,森永 小枝MILK,3.0,菓子,query
854,seen,122.0,ﾁｮｺﾚｰﾄ 箱・袋 冷蔵,854,1054.0,森永製菓株式会社,4902888219498.0,森永 小枝MILK,3.0,菓子,anchor
855,seen,211.0,ｶｯﾌﾟﾒﾝ 縦,855,1003.0,日清食品株式会社,49698633.0,日清食品 ｶｯﾌﾟﾇｰﾄﾞﾙ ｼｰﾌｰﾄﾞ 74CP,2.0,食品,anchor
856,seen,211.0,ｶｯﾌﾟﾒﾝ 縦,856,1003.0,日清食品株式会社,49698633.0,日清食品 ｶｯﾌﾟﾇｰﾄﾞﾙ ｼｰﾌｰﾄﾞ 74CP,2.0,食品,anchor
857,seen,211.0,ｶｯﾌﾟﾒﾝ 縦,857,1003.0,日清食品株式会社,49698633.0,日清食品 ｶｯﾌﾟﾇｰﾄﾞﾙ ｼｰﾌｰﾄﾞ 74CP,2.0,食品,anchor
858,seen,211.0,ｶｯﾌﾟﾒﾝ 縦,858,1003.0,日清食品株式会社,49698633.0,日清食品 ｶｯﾌﾟﾇｰﾄﾞﾙ ｼｰﾌｰﾄﾞ 74CP,2.0,食品,anchor
859,seen,211.0,ｶｯﾌﾟﾒﾝ 縦,859,1003.0,日清食品株式会社,49698633.0,日清食品 ｶｯﾌﾟﾇｰﾄﾞﾙ ｼｰﾌｰﾄﾞ 74CP,2.0,食品,query
860,seen,211.0,ｶｯﾌﾟﾒﾝ 縦,860,1003.0,日清食品株式会社,49698633.0,日清食品 ｶｯﾌﾟﾇｰﾄﾞﾙ ｼｰﾌｰﾄﾞ 74CP,2.0,食品,query
861,seen,211.0,ｶｯﾌﾟﾒﾝ 縦,861,1003.0,日清食品株式会社,49698633.0,日清食品 ｶｯﾌﾟﾇｰﾄﾞﾙ ｼｰﾌｰﾄﾞ 74CP,2.0,食品,query
862,seen,211.0,ｶｯﾌﾟﾒﾝ 縦,862,1003.0,日清食品株式会社,49698633.0,日清食品 ｶｯﾌﾟﾇｰﾄﾞﾙ ｼｰﾌｰﾄﾞ 74CP,2.0,食品,anchor
863,seen,211.0,ｶｯﾌﾟﾒﾝ 縦,863,1003.0,日清食品株式会社,49698633.0,日清食品 ｶｯﾌﾟﾇｰﾄﾞﾙ ｼｰﾌｰﾄﾞ 74CP,2.0,食品,anchor
864,seen,211.0,ｶｯﾌﾟﾒﾝ 縦,864,1003.0,日清食品株式会社,49698633.0,日清食品 ｶｯﾌﾟﾇｰﾄﾞﾙ ｼｰﾌｰﾄﾞ 74CP,2.0,食品,anchor
865,seen,211.0,ｶｯﾌﾟﾒﾝ 縦,865,1003.0,日清食品株式会社,49698633.0,日清食品 ｶｯﾌﾟﾇｰﾄﾞﾙ ｼｰﾌｰﾄﾞ 74CP,2.0,食品,anchor
866,seen,211.0,ｶｯﾌﾟﾒﾝ 縦,866,1003.0,日清食品株式会社,49698633.0,日清食品 ｶｯﾌﾟﾇｰﾄﾞﾙ ｼｰﾌｰﾄﾞ 74CP,2.0,食品,query
867,seen,211.0,ｶｯﾌﾟﾒﾝ 縦,867,1003.0,日清食品株式会社,49698633.0,日清食品 ｶｯﾌﾟﾇｰﾄﾞﾙ ｼｰﾌｰﾄﾞ 74CP,2.0,食品,query
868,seen,211.0,ｶｯﾌﾟﾒﾝ 縦,868,1003.0,日清食品株式会社,49698633.0,日清食品 ｶｯﾌﾟﾇｰﾄﾞﾙ ｼｰﾌｰﾄﾞ 74CP,2.0,食品,anchor
869,seen,211.0,ｶｯﾌﾟﾒﾝ 縦,869,1003.0,日清食品株式会社,49698633.0,日清食品 ｶｯﾌﾟﾇｰﾄﾞﾙ ｼｰﾌｰﾄﾞ 74CP,2.0,食品,anchor
870,seen,211.0,ｶｯﾌﾟﾒﾝ 縦,870,1003.0,日清食品株式会社,49698633.0,日清食品 ｶｯﾌﾟﾇｰﾄﾞﾙ ｼｰﾌｰﾄﾞ 74CP,2.0,食品,query
871,seen,211.0,ｶｯﾌﾟﾒﾝ 縦,871,1003.0,日清食品株式会社,49698633.0,日清食品 ｶｯﾌﾟﾇｰﾄﾞﾙ ｼｰﾌｰﾄﾞ 74CP,2.0,食品,anchor
872,seen,211.0,ｶｯﾌﾟﾒﾝ 縦,872,1003.0,日清食品株式会社,49698633.0,日清食品 ｶｯﾌﾟﾇｰﾄﾞﾙ ｼｰﾌｰﾄﾞ 74CP,2.0,食品,anchor
873,seen,211.0,ｶｯﾌﾟﾒﾝ 縦,873,1003.0,日清食品株式会社,49698633.0,日清食品 ｶｯﾌﾟﾇｰﾄﾞﾙ ｼｰﾌｰﾄﾞ 74CP,2.0,食品,anchor
874,seen,211.0,ｶｯﾌﾟﾒﾝ 縦,874,1003.0,日清食品株式会社,49698633.0,日清食品 ｶｯﾌﾟﾇｰﾄﾞﾙ ｼｰﾌｰﾄﾞ 74CP,2.0,食品,anchor
875,unseen,411.0,飲料 ｶﾝﾍﾟｯﾄ,875,1079.0,アサヒ飲料株式会社,4514603274011.0,ASI ﾄﾞﾃﾞｶﾐﾝｽﾄﾛﾝｸﾞ 300CN,1.0,飲料,query
876,unseen,411.0,飲料 ｶﾝﾍﾟｯﾄ,876,1079.0,アサヒ飲料株式会社,4514603274011.0,ASI ﾄﾞﾃﾞｶﾐﾝｽﾄﾛﾝｸﾞ 300CN,1.0,飲料,anchor
877,unseen,411.0,飲料 ｶﾝﾍﾟｯﾄ,877,1079.0,アサヒ飲料株式会社,4514603274011.0,ASI ﾄﾞﾃﾞｶﾐﾝｽﾄﾛﾝｸﾞ 300CN,1.0,飲料,query
878,unseen,411.0,飲料 ｶﾝﾍﾟｯﾄ,878,1079.0,アサヒ飲料株式会社,4514603274011.0,ASI ﾄﾞﾃﾞｶﾐﾝｽﾄﾛﾝｸﾞ 300CN,1.0,飲料,query
879,unseen,411.0,飲料 ｶﾝﾍﾟｯﾄ,879,1079.0,アサヒ飲料株式会社,4514603274011.0,ASI ﾄﾞﾃﾞｶﾐﾝｽﾄﾛﾝｸﾞ 300CN,1.0,飲料,query
880,unseen,411.0,飲料 ｶﾝﾍﾟｯﾄ,880,1079.0,アサヒ飲料株式会社,4514603274011.0,ASI ﾄﾞﾃﾞｶﾐﾝｽﾄﾛﾝｸﾞ 300CN,1.0,飲料,query
881,unseen,411.0,飲料 ｶﾝﾍﾟｯﾄ,881,1079.0,アサヒ飲料株式会社,4514603274011.0,ASI ﾄﾞﾃﾞｶﾐﾝｽﾄﾛﾝｸﾞ 300CN,1.0,飲料,anchor
882,unseen,411.0,飲料 ｶﾝﾍﾟｯﾄ,882,1079.0,アサヒ飲料株式会社,4514603274011.0,ASI ﾄﾞﾃﾞｶﾐﾝｽﾄﾛﾝｸﾞ 300CN,1.0,飲料,anchor
883,unseen,411.0,飲料 ｶﾝﾍﾟｯﾄ,883,1079.0,アサヒ飲料株式会社,4514603274011.0,ASI ﾄﾞﾃﾞｶﾐﾝｽﾄﾛﾝｸﾞ 300CN,1.0,飲料,anchor
884,unseen,411.0,飲料 ｶﾝﾍﾟｯﾄ,884,1079.0,アサヒ飲料株式会社,4514603274011.0,ASI ﾄﾞﾃﾞｶﾐﾝｽﾄﾛﾝｸﾞ 300CN,1.0,飲料,anchor
885,unseen,411.0,飲料 ｶﾝﾍﾟｯﾄ,885,1079.0,アサヒ飲料株式会社,4514603274011.0,ASI ﾄﾞﾃﾞｶﾐﾝｽﾄﾛﾝｸﾞ 300CN,1.0,飲料,anchor
886,unseen,411.0,飲料 ｶﾝﾍﾟｯﾄ,886,1079.0,アサヒ飲料株式会社,4514603274011.0,ASI ﾄﾞﾃﾞｶﾐﾝｽﾄﾛﾝｸﾞ 300CN,1.0,飲料,query
887,unseen,411.0,飲料 ｶﾝﾍﾟｯﾄ,887,1079.0,アサヒ飲料株式会社,4514603274011.0,ASI ﾄﾞﾃﾞｶﾐﾝｽﾄﾛﾝｸﾞ 300CN,1.0,飲料,anchor
888,unseen,411.0,飲料 ｶﾝﾍﾟｯﾄ,888,1079.0,アサヒ飲料株式会社,4514603274011.0,ASI ﾄﾞﾃﾞｶﾐﾝｽﾄﾛﾝｸﾞ 300CN,1.0,飲料,anchor
889,unseen,411.0,飲料 ｶﾝﾍﾟｯﾄ,889,1079.0,アサヒ飲料株式会社,4514603274011.0,ASI ﾄﾞﾃﾞｶﾐﾝｽﾄﾛﾝｸﾞ 300CN,1.0,飲料,anchor
890,unseen,411.0,飲料 ｶﾝﾍﾟｯﾄ,890,1079.0,アサヒ飲料株式会社,4514603274011.0,ASI ﾄﾞﾃﾞｶﾐﾝｽﾄﾛﾝｸﾞ 300CN,1.0,飲料,anchor
891,seen,411.0,飲料 ｶﾝﾍﾟｯﾄ,891,1079.0,アサヒ飲料株式会社,4514603217513.0,ASI 三ツ矢ｻｲﾀﾞｰ 500CN,1.0,飲料,anchor
892,seen,411.0,飲料 ｶﾝﾍﾟｯﾄ,892,1079.0,アサヒ飲料株式会社,4514603217513.0,ASI 三ツ矢ｻｲﾀﾞｰ 500CN,1.0,飲料,anchor
893,seen,411.0,飲料 ｶﾝﾍﾟｯﾄ,893,1079.0,アサヒ飲料株式会社,4514603217513.0,ASI 三ツ矢ｻｲﾀﾞｰ 500CN,1.0,飲料,anchor
894,seen,411.0,飲料 ｶﾝﾍﾟｯﾄ,894,1079.0,アサヒ飲料株式会社,4514603217513.0,ASI 三ツ矢ｻｲﾀﾞｰ 500CN,1.0,飲料,query
895,seen,411.0,飲料 ｶﾝﾍﾟｯﾄ,895,1079.0,アサヒ飲料株式会社,4514603217513.0,ASI 三ツ矢ｻｲﾀﾞｰ 500CN,1.0,飲料,anchor
896,seen,411.0,飲料 ｶﾝﾍﾟｯﾄ,896,1079.0,アサヒ飲料株式会社,4514603217513.0,ASI 三ツ矢ｻｲﾀﾞｰ 500CN,1.0,飲料,anchor
897,seen,411.0,飲料 ｶﾝﾍﾟｯﾄ,897,1079.0,アサヒ飲料株式会社,4514603217513.0,ASI 三ツ矢ｻｲﾀﾞｰ 500CN,1.0,飲料,anchor
898,seen,411.0,飲料 ｶﾝﾍﾟｯﾄ,898,1079.0,アサヒ飲料株式会社,4514603217513.0,ASI 三ツ矢ｻｲﾀﾞｰ 500CN,1.0,飲料,anchor
899,seen,411.0,飲料 ｶﾝﾍﾟｯﾄ,899,1079.0,アサヒ飲料株式会社,4514603217513.0,ASI 三ツ矢ｻｲﾀﾞｰ 500CN,1.0,飲料,anchor
900,seen,411.0,飲料 ｶﾝﾍﾟｯﾄ,900,1079.0,アサヒ飲料株式会社,4514603217513.0,ASI 三ツ矢ｻｲﾀﾞｰ 500CN,1.0,飲料,anchor
901,seen,411.0,飲料 ｶﾝﾍﾟｯﾄ,901,1079.0,アサヒ飲料株式会社,4514603217513.0,ASI 三ツ矢ｻｲﾀﾞｰ 500CN,1.0,飲料,anchor
902,seen,411.0,飲料 ｶﾝﾍﾟｯﾄ,902,1079.0,アサヒ飲料株式会社,4514603217513.0,ASI 三ツ矢ｻｲﾀﾞｰ 500CN,1.0,飲料,query
903,seen,411.0,飲料 ｶﾝﾍﾟｯﾄ,903,1079.0,アサヒ飲料株式会社,4514603217513.0,ASI 三ツ矢ｻｲﾀﾞｰ 500CN,1.0,飲料,anchor
904,seen,411.0,飲料 ｶﾝﾍﾟｯﾄ,904,1079.0,アサヒ飲料株式会社,4514603217513.0,ASI 三ツ矢ｻｲﾀﾞｰ 500CN,1.0,飲料,anchor
905,seen,411.0,飲料 ｶﾝﾍﾟｯﾄ,905,1079.0,アサヒ飲料株式会社,4514603217513.0,ASI 三ツ矢ｻｲﾀﾞｰ 500CN,1.0,飲料,query
906,seen,122.0,ﾁｮｺﾚｰﾄ 箱・袋 冷蔵,906,1028.0,マースジャパン,45164804.0,ﾏｰｽ ｽﾆｯｶｰｽﾞ ﾐﾆ,3.0,菓子,anchor
907,seen,122.0,ﾁｮｺﾚｰﾄ 箱・袋 冷蔵,907,1028.0,マースジャパン,45164804.0,ﾏｰｽ ｽﾆｯｶｰｽﾞ ﾐﾆ,3.0,菓子,anchor
908,seen,122.0,ﾁｮｺﾚｰﾄ 箱・袋 冷蔵,908,1028.0,マースジャパン,45164804.0,ﾏｰｽ ｽﾆｯｶｰｽﾞ ﾐﾆ,3.0,菓子,anchor
909,seen,122.0,ﾁｮｺﾚｰﾄ 箱・袋 冷蔵,909,1028.0,マースジャパン,45164804.0,ﾏｰｽ ｽﾆｯｶｰｽﾞ ﾐﾆ,3.0,菓子,query
910,seen,122.0,ﾁｮｺﾚｰﾄ 箱・袋 冷蔵,910,1028.0,マースジャパン,45164804.0,ﾏｰｽ ｽﾆｯｶｰｽﾞ ﾐﾆ,3.0,菓子,anchor
911,seen,411.0,飲料 ｶﾝﾍﾟｯﾄ,911,1079.0,アサヒ飲料株式会社,4901340034549.0,ASI ｳｪﾙﾁｺｰﾙﾄﾞﾌﾟﾚﾐｱﾑ450p,1.0,飲料,anchor
912,seen,411.0,飲料 ｶﾝﾍﾟｯﾄ,912,1079.0,アサヒ飲料株式会社,4901340034549.0,ASI ｳｪﾙﾁｺｰﾙﾄﾞﾌﾟﾚﾐｱﾑ450p,1.0,飲料,anchor
913,seen,411.0,飲料 ｶﾝﾍﾟｯﾄ,913,1079.0,アサヒ飲料株式会社,4901340034549.0,ASI ｳｪﾙﾁｺｰﾙﾄﾞﾌﾟﾚﾐｱﾑ450p,1.0,飲料,query
914,seen,411.0,飲料 ｶﾝﾍﾟｯﾄ,914,1079.0,アサヒ飲料株式会社,4901340034549.0,ASI ｳｪﾙﾁｺｰﾙﾄﾞﾌﾟﾚﾐｱﾑ450p,1.0,飲料,anchor
915,seen,411.0,飲料 ｶﾝﾍﾟｯﾄ,915,1079.0,アサヒ飲料株式会社,4901340034549.0,ASI ｳｪﾙﾁｺｰﾙﾄﾞﾌﾟﾚﾐｱﾑ450p,1.0,飲料,anchor
916,seen,411.0,飲料 ｶﾝﾍﾟｯﾄ,916,1079.0,アサヒ飲料株式会社,4901340034549.0,ASI ｳｪﾙﾁｺｰﾙﾄﾞﾌﾟﾚﾐｱﾑ450p,1.0,飲料,query
917,seen,411.0,飲料 ｶﾝﾍﾟｯﾄ,917,1079.0,アサヒ飲料株式会社,4901340034549.0,ASI ｳｪﾙﾁｺｰﾙﾄﾞﾌﾟﾚﾐｱﾑ450p,1.0,飲料,anchor
918,seen,411.0,飲料 ｶﾝﾍﾟｯﾄ,918,1079.0,アサヒ飲料株式会社,4901340034549.0,ASI ｳｪﾙﾁｺｰﾙﾄﾞﾌﾟﾚﾐｱﾑ450p,1.0,飲料,query
919,seen,411.0,飲料 ｶﾝﾍﾟｯﾄ,919,1079.0,アサヒ飲料株式会社,4901340034549.0,ASI ｳｪﾙﾁｺｰﾙﾄﾞﾌﾟﾚﾐｱﾑ450p,1.0,飲料,anchor
920,seen,411.0,飲料 ｶﾝﾍﾟｯﾄ,920,1079.0,アサヒ飲料株式会社,4901340034549.0,ASI ｳｪﾙﾁｺｰﾙﾄﾞﾌﾟﾚﾐｱﾑ450p,1.0,飲料,anchor
921,seen,411.0,飲料 ｶﾝﾍﾟｯﾄ,921,1079.0,アサヒ飲料株式会社,4901340034549.0,ASI ｳｪﾙﾁｺｰﾙﾄﾞﾌﾟﾚﾐｱﾑ450p,1.0,飲料,anchor
922,seen,411.0,飲料 ｶﾝﾍﾟｯﾄ,922,1079.0,アサヒ飲料株式会社,4901340034549.0,ASI ｳｪﾙﾁｺｰﾙﾄﾞﾌﾟﾚﾐｱﾑ450p,1.0,飲料,query
923,seen,411.0,飲料 ｶﾝﾍﾟｯﾄ,923,1079.0,アサヒ飲料株式会社,4901340034549.0,ASI ｳｪﾙﾁｺｰﾙﾄﾞﾌﾟﾚﾐｱﾑ450p,1.0,飲料,anchor
924,seen,411.0,飲料 ｶﾝﾍﾟｯﾄ,924,1079.0,アサヒ飲料株式会社,4901340034549.0,ASI ｳｪﾙﾁｺｰﾙﾄﾞﾌﾟﾚﾐｱﾑ450p,1.0,飲料,anchor
925,seen,411.0,飲料 ｶﾝﾍﾟｯﾄ,925,1079.0,アサヒ飲料株式会社,4901340034549.0,ASI ｳｪﾙﾁｺｰﾙﾄﾞﾌﾟﾚﾐｱﾑ450p,1.0,飲料,query
926,seen,411.0,飲料 ｶﾝﾍﾟｯﾄ,926,1079.0,アサヒ飲料株式会社,4901340034549.0,ASI ｳｪﾙﾁｺｰﾙﾄﾞﾌﾟﾚﾐｱﾑ450p,1.0,飲料,query
927,seen,411.0,飲料 ｶﾝﾍﾟｯﾄ,927,1082.0,カルピス株式会社,4901340030442.0,CPS ぐんぐんｸﾞﾙﾄ 500PT,1.0,飲料,query
928,seen,411.0,飲料 ｶﾝﾍﾟｯﾄ,928,1082.0,カルピス株式会社,4901340030442.0,CPS ぐんぐんｸﾞﾙﾄ 500PT,1.0,飲料,anchor
929,seen,411.0,飲料 ｶﾝﾍﾟｯﾄ,929,1082.0,カルピス株式会社,4901340030442.0,CPS ぐんぐんｸﾞﾙﾄ 500PT,1.0,飲料,query
930,seen,411.0,飲料 ｶﾝﾍﾟｯﾄ,930,1082.0,カルピス株式会社,4901340030442.0,CPS ぐんぐんｸﾞﾙﾄ 500PT,1.0,飲料,anchor
931,seen,411.0,飲料 ｶﾝﾍﾟｯﾄ,931,1082.0,カルピス株式会社,4901340030442.0,CPS ぐんぐんｸﾞﾙﾄ 500PT,1.0,飲料,anchor
932,seen,411.0,飲料 ｶﾝﾍﾟｯﾄ,932,1082.0,カルピス株式会社,4901340030442.0,CPS ぐんぐんｸﾞﾙﾄ 500PT,1.0,飲料,query
933,seen,411.0,飲料 ｶﾝﾍﾟｯﾄ,933,1082.0,カルピス株式会社,4901340030442.0,CPS ぐんぐんｸﾞﾙﾄ 500PT,1.0,飲料,anchor
934,seen,411.0,飲料 ｶﾝﾍﾟｯﾄ,934,1082.0,カルピス株式会社,4901340030442.0,CPS ぐんぐんｸﾞﾙﾄ 500PT,1.0,飲料,query
935,seen,411.0,飲料 ｶﾝﾍﾟｯﾄ,935,1082.0,カルピス株式会社,4901340030442.0,CPS ぐんぐんｸﾞﾙﾄ 500PT,1.0,飲料,anchor
936,seen,411.0,飲料 ｶﾝﾍﾟｯﾄ,936,1082.0,カルピス株式会社,4901340030442.0,CPS ぐんぐんｸﾞﾙﾄ 500PT,1.0,飲料,anchor
937,seen,411.0,飲料 ｶﾝﾍﾟｯﾄ,937,1082.0,カルピス株式会社,4901340030442.0,CPS ぐんぐんｸﾞﾙﾄ 500PT,1.0,飲料,query
938,seen,411.0,飲料 ｶﾝﾍﾟｯﾄ,938,1082.0,カルピス株式会社,4901340030442.0,CPS ぐんぐんｸﾞﾙﾄ 500PT,1.0,飲料,query
939,seen,411.0,飲料 ｶﾝﾍﾟｯﾄ,939,1082.0,カルピス株式会社,4901340030442.0,CPS ぐんぐんｸﾞﾙﾄ 500PT,1.0,飲料,query
940,seen,411.0,飲料 ｶﾝﾍﾟｯﾄ,940,1082.0,カルピス株式会社,4901340030442.0,CPS ぐんぐんｸﾞﾙﾄ 500PT,1.0,飲料,anchor
941,seen,411.0,飲料 ｶﾝﾍﾟｯﾄ,941,1082.0,カルピス株式会社,4901340030442.0,CPS ぐんぐんｸﾞﾙﾄ 500PT,1.0,飲料,anchor
